Date,Ticker,Signal,Confidence,Close
2025-09-19,AAPL,0,0.7055,245.26223754882812
2025-09-19,AMZN,0,0.4005,231.47999572753903
2025-09-19,GOOGL,0,0.504,254.55349731445312
2025-09-19,IBM,-1,0.7387,264.939208984375
2025-09-19,MSFT,-1,0.7489,516.96240234375
2025-09-19,ORCL,-1,0.5277,307.3129577636719
2025-09-19,TSLA,-1,0.5161,426.0700073242187
2025-09-22,AAPL,0,0.5774,255.8319854736328
2025-09-22,AMZN,-1,0.3954,227.6300048828125
2025-09-22,GOOGL,0,0.5107,252.36492919921875
2025-09-22,IBM,-1,0.7383,269.8819580078125
2025-09-22,MSFT,-1,0.7485,513.4889526367188
2025-09-22,ORCL,-1,0.5309,326.7178649902344
2025-09-22,TSLA,-1,0.5287,434.2099914550781
2025-09-23,AAPL,1,0.4941,254.18359375
2025-09-23,AMZN,-1,0.4047,220.7100067138672
2025-09-23,GOOGL,0,0.5143,251.49549865722656
2025-09-23,IBM,-1,0.7396,270.7471923828125
2025-09-23,MSFT,-1,0.7492,508.2787170410156
2025-09-23,ORCL,-1,0.5304,312.4603576660156
2025-09-23,TSLA,-1,0.529,425.8500061035156
2025-09-24,AAPL,1,0.5704,252.06564331054688
2025-09-24,AMZN,-1,0.4269,220.2100067138672
2025-09-24,GOOGL,0,0.5158,246.97845458984375
2025-09-24,IBM,-1,0.7421,266.0630187988281
2025-09-24,MSFT,-1,0.7495,509.1969604492187
2025-09-24,ORCL,-1,0.5328,307.1138000488281
2025-09-24,TSLA,-1,0.529,442.7900085449219
2025-09-25,AAPL,1,0.571,256.6212158203125
2025-09-25,AMZN,-1,0.4423,218.1499938964844
2025-09-25,GOOGL,0,0.5153,245.6293182373047
2025-09-25,IBM,-1,0.7407,279.8967590332031
2025-09-25,MSFT,-1,0.7492,506.0827941894531
2025-09-25,ORCL,-1,0.5346,290.0585632324219
2025-09-25,TSLA,-1,0.5264,423.3900146484375
2025-09-26,AAPL,1,0.5038,255.2126007080078
2025-09-26,AMZN,-1,0.4514,219.77999877929688
2025-09-26,GOOGL,0,0.511,246.3788299560547
2025-09-26,IBM,-1,0.7384,282.7510070800781
2025-09-26,MSFT,-1,0.7485,510.5045166015625
2025-09-26,ORCL,-1,0.538,282.2229309082031
2025-09-26,TSLA,-1,0.5291,440.3999938964844
2025-09-29,AAPL,0,0.4356,254.18359375
2025-09-29,AMZN,-1,0.4489,222.1699981689453
2025-09-29,GOOGL,0,0.5032,243.89047241210935
2025-09-29,IBM,-1,0.7309,278.2657470703125
2025-09-29,MSFT,-1,0.7478,513.6386108398438
2025-09-29,ORCL,-1,0.5394,281.5259704589844
2025-09-29,TSLA,-1,0.5306,443.2099914550781
2025-09-30,AAPL,0,0.5178,254.38340759277344
2025-09-30,AMZN,-1,0.4503,219.57000732421875
2025-09-30,GOOGL,0,0.495,242.94110107421875
2025-09-30,IBM,-1,0.7274,280.6128234863281
2025-09-30,MSFT,-1,0.7489,516.982421875
2025-09-30,ORCL,-1,0.5373,280.0126037597656
2025-09-30,TSLA,-1,0.5213,444.7200012207031
2025-10-01,AAPL,0,0.5071,255.20260620117188
2025-10-01,AMZN,-1,0.453,220.6300048828125
2025-10-01,GOOGL,0,0.4814,244.7399139404297
2025-10-01,IBM,-1,0.7271,284.9190673828125
2025-10-01,MSFT,-1,0.7494,518.7391357421875
2025-10-01,ORCL,-1,0.5382,287.7486877441406
2025-10-01,TSLA,-1,0.5113,459.4599914550781
2025-10-02,AAPL,-1,0.5782,256.8809814453125
2025-10-02,AMZN,-1,0.4546,222.41000366210935
2025-10-02,GOOGL,0,0.4671,245.52940368652344
2025-10-02,IBM,-1,0.7264,285.1477966308594
2025-10-02,MSFT,-1,0.7493,514.7765502929688
2025-10-02,ORCL,-1,0.5377,287.5196838378906
2025-10-02,TSLA,-1,0.5015,436.0
2025-10-03,AAPL,-1,0.7041,257.7701110839844
2025-10-03,AMZN,-1,0.4486,219.5099945068359
2025-10-03,GOOGL,0,0.4523,245.1896209716797
2025-10-03,IBM,-1,0.7259,286.78875732421875
2025-10-03,MSFT,-1,0.7488,516.3834838867188
2025-10-03,ORCL,-1,0.535,284.8912353515625
2025-10-03,TSLA,-1,0.504,429.8299865722656
2025-10-06,AAPL,-1,0.7707,256.44140625
2025-10-06,AMZN,-1,0.4423,220.8999938964844
2025-10-06,GOOGL,0,0.4384,250.26629638671875
2025-10-06,IBM,-1,0.7224,287.8330078125
2025-10-06,MSFT,-1,0.7473,527.5825805664062
2025-10-06,ORCL,-1,0.5332,290.3174133300781
2025-10-06,TSLA,-1,0.5103,453.25
2025-10-07,AAPL,-1,0.821,256.23162841796875
2025-10-07,AMZN,-1,0.447,221.77999877929688
2025-10-07,GOOGL,0,0.4208,245.5993499755859
2025-10-07,IBM,-1,0.73,292.25860595703125
2025-10-07,MSFT,-1,0.7486,523.0010986328125
2025-10-07,ORCL,-1,0.5322,282.9994812011719
2025-10-07,TSLA,-1,0.5065,433.0899963378906
2025-10-08,AAPL,-1,0.8401,257.8100891113281
2025-10-08,AMZN,-1,0.4426,225.22000122070312
2025-10-08,GOOGL,0,0.4081,244.46009826660156
2025-10-08,IBM,-1,0.7364,287.8727722167969
2025-10-08,MSFT,-1,0.7486,523.8695068359375
2025-10-08,ORCL,-1,0.5402,287.370361328125
2025-10-08,TSLA,-1,0.5065,438.69000244140625
2025-10-09,AAPL,-1,0.8355,253.79396057128903
2025-10-09,AMZN,-1,0.4356,227.7400054931641
2025-10-09,GOOGL,0,0.3959,241.3721160888672
2025-10-09,IBM,-1,0.7379,286.6495361328125
2025-10-09,MSFT,-1,0.7482,521.4241333007812
2025-10-09,ORCL,-1,0.5424,296.17706298828125
2025-10-09,TSLA,-1,0.5013,435.5400085449219
2025-10-10,AAPL,-1,0.846,245.032470703125
2025-10-10,AMZN,-1,0.4287,216.3699951171875
2025-10-10,GOOGL,0,0.383,236.4153594970703
2025-10-10,IBM,-1,0.7349,276.2966003417969
2025-10-10,MSFT,-1,0.7482,510.0054626464844
2025-10-10,ORCL,-1,0.5423,292.1876220703125
2025-10-10,TSLA,-1,0.4938,413.489990234375
2025-10-13,AAPL,-1,0.8531,247.4201507568359
2025-10-13,AMZN,-1,0.443,220.07000732421875
2025-10-13,GOOGL,1,0.3676,243.9904022216797
2025-10-13,IBM,-1,0.7212,275.69989013671875
2025-10-13,MSFT,-1,0.7479,513.0896606445312
2025-10-13,ORCL,-1,0.5444,307.1979675292969
2025-10-13,TSLA,-1,0.4956,435.8999938964844
2025-10-14,AAPL,-1,0.8709,247.5300445556641
2025-10-14,AMZN,-1,0.4521,216.38999938964844
2025-10-14,GOOGL,1,0.371,245.28955078125
2025-10-14,IBM,-1,0.716,274.6357421875
2025-10-14,MSFT,-1,0.7484,512.610595703125
2025-10-14,ORCL,-1,0.5429,298.2117004394531
2025-10-14,TSLA,-1,0.5004,429.239990234375
2025-10-15,AAPL,-1,0.874,249.09852600097656
2025-10-15,AMZN,-1,0.4621,215.57000732421875
2025-10-15,GOOGL,1,0.3698,250.86590576171875
2025-10-15,IBM,-1,0.6783,279.2105407714844
2025-10-15,MSFT,-1,0.7495,512.4708251953125
2025-10-15,ORCL,-1,0.5426,302.81951904296875
2025-10-15,TSLA,-1,0.5062,435.1499938964844
2025-10-16,AAPL,-1,0.8762,247.2103576660156
2025-10-16,AMZN,-1,0.4661,214.47000122070312
2025-10-16,GOOGL,1,0.3666,251.29562377929688
2025-10-16,IBM,-1,0.6109,274.4567565917969
2025-10-16,MSFT,-1,0.7494,510.65423583984375
2025-10-16,ORCL,-1,0.5416,312.1748046875
2025-10-16,TSLA,-1,0.5118,428.75
2025-10-17,AAPL,-1,0.867,252.045654296875
2025-10-17,AMZN,-1,0.4661,213.0399932861328
2025-10-17,GOOGL,1,0.3609,253.13442993164065
2025-10-17,IBM,-1,0.6048,279.7376403808594
2025-10-17,MSFT,-1,0.7491,512.62060546875
2025-10-17,ORCL,-1,0.544,290.5419921875
2025-10-17,TSLA,-1,0.5209,439.30999755859375
2025-10-20,AAPL,-1,0.8115,261.98602294921875
2025-10-20,AMZN,-1,0.4613,216.47999572753903
2025-10-20,GOOGL,-1,0.3726,256.3822937011719
2025-10-20,IBM,-1,0.7193,282.0946350097656
2025-10-20,MSFT,-1,0.7485,515.8245239257812
2025-10-20,ORCL,-1,0.5492,276.44921875
2025-10-20,TSLA,-1,0.5299,447.4299926757813
2025-10-21,AAPL,-1,0.7057,262.5155029296875
2025-10-21,AMZN,-1,0.4577,222.02999877929688
2025-10-21,GOOGL,-1,0.3944,250.29627990722656
2025-10-21,IBM,-1,0.7242,280.5033874511719
2025-10-21,MSFT,-1,0.7493,516.6929321289062
2025-10-21,ORCL,-1,0.553,274.4245910644531
2025-10-21,TSLA,-1,0.5367,442.6000061035156
2025-10-22,AAPL,-1,0.6928,258.19970703125
2025-10-22,AMZN,-1,0.4505,217.9499969482422
2025-10-22,GOOGL,-1,0.4158,251.5254821777344
2025-10-22,IBM,-1,0.7309,285.9334716796875
2025-10-22,MSFT,-1,0.7501,519.5675659179688
2025-10-22,ORCL,-1,0.5525,271.941162109375
2025-10-22,TSLA,-1,0.5417,438.9700012207031
2025-10-23,AAPL,-1,0.7116,259.3285827636719
2025-10-23,AMZN,-1,0.4445,221.08999633789065
2025-10-23,GOOGL,-1,0.4347,252.91456604003903
2025-10-23,IBM,-1,0.7207,283.4372253417969
2025-10-23,MSFT,-1,0.7502,519.5875244140625
2025-10-23,ORCL,-1,0.5531,279.3316345214844
2025-10-23,TSLA,-1,0.5472,448.9800109863281
2025-10-24,AAPL,-1,0.7273,262.56549072265625
2025-10-24,AMZN,-1,0.4311,224.2100067138672
2025-10-24,GOOGL,-1,0.4498,259.7501220703125
2025-10-24,IBM,-1,0.7422,305.7740783691406
2025-10-24,MSFT,-1,0.7496,522.6318359375
2025-10-24,ORCL,-1,0.5539,282.5830078125
2025-10-24,TSLA,-1,0.5554,433.7200012207031
2025-10-27,AAPL,-1,0.756,268.5496520996094
2025-10-27,AMZN,-1,0.415,226.97000122070312
2025-10-27,GOOGL,-1,0.4588,269.0939636230469
2025-10-27,IBM,-1,0.7262,311.3731994628906
2025-10-27,MSFT,-1,0.7488,530.527099609375
2025-10-27,ORCL,-1,0.5513,280.6581115722656
2025-10-27,TSLA,-1,0.5654,452.4200134277344
2025-10-28,AAPL,-1,0.8091,268.7394714355469
2025-10-28,AMZN,-1,0.4069,229.25
2025-10-28,GOOGL,-1,0.459,267.295166015625
2025-10-28,IBM,-1,0.7205,310.8560791015625
2025-10-28,MSFT,-1,0.7499,541.057373046875
2025-10-28,ORCL,-1,0.5482,280.089599609375
2025-10-28,TSLA,-1,0.5695,460.5499877929687
2025-10-29,AAPL,-1,0.8393,269.4388122558594
2025-10-29,AMZN,-1,0.4026,230.3000030517578
2025-10-29,GOOGL,-1,0.4546,274.3905334472656
2025-10-29,IBM,-1,0.7192,306.51995849609375
2025-10-29,MSFT,-1,0.7504,540.538330078125
2025-10-29,ORCL,-1,0.5433,274.5741882324219
2025-10-29,TSLA,-1,0.5726,461.510009765625
2025-10-30,AAPL,-1,0.8461,271.13714599609375
2025-10-30,AMZN,-1,0.3991,222.86000061035156
2025-10-30,GOOGL,-1,0.449,281.2960205078125
2025-10-30,IBM,-1,0.7192,308.3598327636719
2025-10-30,MSFT,-1,0.7501,524.77783203125
2025-10-30,ORCL,-1,0.5376,256.2127380371094
2025-10-30,TSLA,-1,0.5745,440.1000061035156
2025-10-31,AAPL,-1,0.8513,270.108154296875
2025-10-31,AMZN,-1,0.4083,244.22000122070312
2025-10-31,GOOGL,-1,0.4402,281.0061950683594
2025-10-31,IBM,-1,0.7198,305.724365234375
2025-10-31,MSFT,-1,0.7496,516.8426513671875
2025-10-31,ORCL,-1,0.534,261.9176330566406
2025-10-31,TSLA,-1,0.578,456.55999755859375
2025-11-03,AAPL,-1,0.8464,268.7894287109375
2025-11-03,AMZN,-1,0.4064,254.0
2025-11-03,GOOGL,-1,0.4301,283.5345458984375
2025-11-03,IBM,-1,0.7154,303.0590515136719
2025-11-03,MSFT,-1,0.7487,516.0641479492188
2025-11-03,ORCL,-1,0.525,257.1701965332031
2025-11-03,TSLA,-1,0.5798,468.3699951171875
2025-11-04,AAPL,-1,0.8598,269.7784729003906
2025-11-04,AMZN,-1,0.3999,249.32000732421875
2025-11-04,GOOGL,-1,0.4155,277.35858154296875
2025-11-04,IBM,-1,0.716,299.2003173828125
2025-11-04,MSFT,-1,0.7493,513.3692016601562
2025-11-04,ORCL,-1,0.5312,247.5157165527344
2025-11-04,TSLA,-1,0.5784,444.260009765625
2025-11-05,AAPL,-1,0.8806,269.8783874511719
2025-11-05,AMZN,-1,0.3969,250.1999969482422
2025-11-05,GOOGL,-1,0.3964,284.1241455078125
2025-11-05,IBM,-1,0.7232,305.0878601074219
2025-11-05,MSFT,-1,0.7498,506.2125549316406
2025-11-05,ORCL,-1,0.5322,249.6500701904297
2025-11-05,TSLA,-1,0.5812,462.0700073242187
2025-11-06,AAPL,-1,0.8927,269.50872802734375
2025-11-06,AMZN,-1,0.3906,243.0399932861328
2025-11-06,GOOGL,-1,0.3766,284.5638732910156
2025-11-06,IBM,-1,0.7302,310.7068786621094
2025-11-06,MSFT,-1,0.7498,496.1713562011719
2025-11-06,ORCL,-1,0.5399,243.15724182128903
2025-11-06,TSLA,-1,0.5818,445.9100036621094
2025-11-07,AAPL,-1,0.8971,268.2099914550781
2025-11-07,AMZN,0,0.3933,244.41000366210935
2025-11-07,GOOGL,-1,0.3534,278.647705078125
2025-11-07,IBM,-1,0.7324,304.70001220703125
2025-11-07,MSFT,-1,0.7498,495.8918762207031
2025-11-07,ORCL,-1,0.5488,238.6291961669922
2025-11-07,TSLA,-1,0.5864,429.5199890136719
2025-11-10,AAPL,-1,0.8913,269.42999267578125
2025-11-10,AMZN,0,0.4037,248.3999938964844
2025-11-10,GOOGL,0,0.3535,289.9103698730469
2025-11-10,IBM,-1,0.7332,309.1300048828125
2025-11-10,MSFT,-1,0.7491,505.0547180175781
2025-11-10,ORCL,-1,0.5562,240.195068359375
2025-11-10,TSLA,-1,0.5918,445.2300109863281
2025-11-11,AAPL,-1,0.9056,275.25
2025-11-11,AMZN,0,0.4043,249.1000061035156
2025-11-11,GOOGL,0,0.3711,291.11956787109375
2025-11-11,IBM,-1,0.7392,313.7200012207031
2025-11-11,MSFT,-1,0.7504,507.7297058105469
2025-11-11,ORCL,-1,0.566,235.52740478515625
2025-11-11,TSLA,-1,0.5901,439.6199951171875
2025-11-12,AAPL,-1,0.9132,273.4700012207031
2025-11-12,AMZN,0,0.4116,244.1999969482422
2025-11-12,GOOGL,0,0.3897,286.5225830078125
2025-11-12,IBM,-1,0.7435,314.9800109863281
2025-11-12,MSFT,-1,0.751,510.1851501464844
2025-11-12,ORCL,-1,0.5744,226.3915557861328
2025-11-12,TSLA,-1,0.5899,430.6000061035156
2025-11-13,AAPL,-1,0.917,272.95001220703125
2025-11-13,AMZN,0,0.4181,237.5800018310547
2025-11-13,GOOGL,0,0.4049,278.3879089355469
2025-11-13,IBM,-1,0.7444,304.8599853515625
2025-11-13,MSFT,-1,0.7513,502.3497924804687
2025-11-13,ORCL,-1,0.5831,216.99639892578125
2025-11-13,TSLA,-1,0.5902,401.989990234375
2025-11-14,AAPL,-1,0.9172,272.4100036621094
2025-11-14,AMZN,0,0.4205,234.69000244140625
2025-11-14,GOOGL,0,0.4161,276.22930908203125
2025-11-14,IBM,-1,0.7312,305.69000244140625
2025-11-14,MSFT,-1,0.7506,509.2268981933594
2025-11-14,ORCL,-1,0.5901,222.26248168945312
2025-11-14,TSLA,-1,0.5954,404.3500061035156
2025-11-17,AAPL,-1,0.9147,267.4599914550781
2025-11-17,AMZN,0,0.4217,232.8699951171875
2025-11-17,GOOGL,0,0.4235,284.83367919921875
2025-11-17,IBM,-1,0.6797,297.1700134277344
2025-11-17,MSFT,-1,0.7499,506.54193115234375
2025-11-17,ORCL,-1,0.5999,219.2803497314453
2025-11-17,TSLA,-1,0.5992,408.9200134277344
2025-11-18,AAPL,-1,0.9156,267.44000244140625
2025-11-18,AMZN,0,0.4102,222.5500030517578
2025-11-18,GOOGL,0,0.4244,284.09417724609375
2025-11-18,IBM,-1,0.4324,289.95001220703125
2025-11-18,MSFT,-1,0.7499,492.8675537109375
2025-11-18,ORCL,-1,0.6012,219.90869140625
2025-11-18,TSLA,-1,0.5987,401.25
2025-11-19,AAPL,-1,0.9151,268.55999755859375
2025-11-19,AMZN,-1,0.4146,222.69000244140625
2025-11-19,GOOGL,0,0.4235,292.61859130859375
2025-11-19,IBM,-1,0.3896,288.5299987792969
2025-11-19,MSFT,-1,0.7511,486.2099914550781
2025-11-19,ORCL,-1,0.6059,224.93540954589844
2025-11-19,TSLA,-1,0.6004,403.989990234375
2025-11-20,AAPL,-1,0.9125,266.25
2025-11-20,AMZN,-1,0.4292,217.13999938964844
2025-11-20,GOOGL,0,0.3996,289.26080322265625
2025-11-20,IBM,-1,0.4584,290.3999938964844
2025-11-20,MSFT,-1,0.7508,478.4299926757813
2025-11-20,ORCL,-1,0.6089,210.1345367431641
2025-11-20,TSLA,-1,0.6008,395.2300109863281
2025-11-21,AAPL,-1,0.9094,271.489990234375
2025-11-21,AMZN,-1,0.4474,220.69000244140625
2025-11-21,GOOGL,1,0.3912,299.464111328125
2025-11-21,IBM,-1,0.7457,297.44000244140625
2025-11-21,MSFT,-1,0.7511,472.1199951171875
2025-11-21,ORCL,-1,0.6209,198.23597717285156
2025-11-21,TSLA,-1,0.6032,391.0899963378906
2025-11-24,AAPL,-1,0.9016,275.9200134277344
2025-11-24,AMZN,-1,0.4596,226.27999877929688
2025-11-24,GOOGL,1,0.4089,318.3717346191406
2025-11-24,IBM,-1,0.758,304.1199951171875
2025-11-24,MSFT,-1,0.7496,474.0
2025-11-24,ORCL,-1,0.6283,199.75196838378903
2025-11-24,TSLA,-1,0.6071,417.7799987792969
2025-11-25,AAPL,-1,0.898,276.9700012207031
2025-11-25,AMZN,-1,0.4663,229.6699981689453
2025-11-25,GOOGL,1,0.4181,323.22857666015625
2025-11-25,IBM,-1,0.7616,304.4800109863281
2025-11-25,MSFT,-1,0.75,476.989990234375
2025-11-25,ORCL,-1,0.6306,196.5105438232422
2025-11-25,TSLA,-1,0.6026,419.3999938964844
2025-11-26,AAPL,-1,0.8967,277.54998779296875
2025-11-26,AMZN,-1,0.4651,229.16000366210935
2025-11-26,GOOGL,1,0.4208,319.7408752441406
2025-11-26,IBM,-1,0.7634,303.2099914550781
2025-11-26,MSFT,-1,0.7508,485.5
2025-11-26,ORCL,-1,0.6378,204.41964721679688
2025-11-26,TSLA,-1,0.6011,426.5799865722656
2025-11-28,AAPL,-1,0.8969,278.8500061035156
2025-11-28,AMZN,-1,0.4547,233.22000122070312
2025-11-28,GOOGL,1,0.4161,319.970703125
2025-11-28,IBM,-1,0.7654,308.5799865722656
2025-11-28,MSFT,-1,0.749,492.010009765625
2025-11-28,ORCL,-1,0.6359,201.4175720214844
2025-11-28,TSLA,-1,0.5995,430.1700134277344
2025-12-01,AAPL,-1,0.8952,283.1000061035156
2025-12-01,AMZN,-1,0.4346,233.8800048828125
2025-12-01,GOOGL,1,0.4032,314.6841735839844
2025-12-01,IBM,-1,0.766,305.6700134277344
2025-12-01,MSFT,-1,0.747,486.739990234375
2025-12-01,ORCL,-1,0.6318,200.4102325439453
2025-12-01,TSLA,-1,0.5988,430.1400146484375
2025-12-02,AAPL,-1,0.8976,286.19000244140625
2025-12-02,AMZN,-1,0.4268,234.4199981689453
2025-12-02,GOOGL,1,0.3857,315.6035461425781
2025-12-02,IBM,-1,0.7701,301.7799987792969
2025-12-02,MSFT,-1,0.7477,490.0
2025-12-02,ORCL,-1,0.6302,200.56982421875
2025-12-02,TSLA,-1,0.5926,429.239990234375
2025-12-03,AAPL,-1,0.8979,284.1499938964844
2025-12-03,AMZN,-1,0.4217,232.3800048828125
2025-12-03,GOOGL,0,0.3835,319.42108154296875
2025-12-03,IBM,-1,0.7715,302.6199951171875
2025-12-03,MSFT,-1,0.7481,477.7300109863281
2025-12-03,ORCL,-1,0.6316,207.1823272705078
2025-12-03,TSLA,-1,0.589,446.739990234375
2025-12-04,AAPL,-1,0.8991,280.70001220703125
2025-12-04,AMZN,-1,0.4142,229.11000061035156
2025-12-04,GOOGL,0,0.4,317.4123840332031
2025-12-04,IBM,-1,0.7732,307.989990234375
2025-12-04,MSFT,-1,0.7481,480.8399963378906
2025-12-04,ORCL,-1,0.6299,213.7649383544922
2025-12-04,TSLA,-1,0.5864,454.5299987792969
2025-12-05,AAPL,-1,0.8996,278.7799987792969
2025-12-05,AMZN,-1,0.4128,229.52999877929688
2025-12-05,GOOGL,0,0.4177,321.0599670410156
2025-12-05,IBM,-1,0.7734,307.94000244140625
2025-12-05,MSFT,-1,0.747,483.1600036621094
2025-12-05,ORCL,-1,0.6286,217.00636291503903
2025-12-05,TSLA,-1,0.586,455.0
2025-12-08,AAPL,-1,0.8973,277.8900146484375
2025-12-08,AMZN,-1,0.406,226.88999938964844
2025-12-08,GOOGL,0,0.4305,313.7200012207031
2025-12-08,IBM,-1,0.7732,309.17999267578125
2025-12-08,MSFT,-1,0.7459,491.0199890136719
2025-12-08,ORCL,-1,0.6237,219.95855712890625
2025-12-08,TSLA,-1,0.5862,439.5799865722656
2025-12-09,AAPL,-1,0.9012,277.17999267578125
2025-12-09,AMZN,-1,0.4101,227.9199981689453
2025-12-09,GOOGL,0,0.4395,317.0799865722656
2025-12-09,IBM,-1,0.7754,310.4800109863281
2025-12-09,MSFT,-1,0.7473,492.0199890136719
2025-12-09,ORCL,-1,0.6189,220.94595336914065
2025-12-09,TSLA,-1,0.5831,445.1700134277344
2025-12-10,AAPL,-1,0.9033,278.7799987792969
2025-12-10,AMZN,-1,0.4107,231.77999877929688
2025-12-10,GOOGL,0,0.4486,320.2099914550781
2025-12-10,IBM,-1,0.7767,312.6700134277344
2025-12-10,MSFT,-1,0.7472,478.55999755859375
2025-12-10,ORCL,-1,0.6101,222.4220428466797
2025-12-10,TSLA,-1,0.5802,451.4500122070313
2025-12-11,AAPL,-1,0.9032,278.0299987792969
2025-12-11,AMZN,-1,0.4062,230.27999877929688
2025-12-11,GOOGL,0,0.4526,312.42999267578125
2025-12-11,IBM,-1,0.7771,310.739990234375
2025-12-11,MSFT,-1,0.7475,483.4700012207031
2025-12-11,ORCL,-1,0.6112,198.32574462890625
2025-12-11,TSLA,-1,0.5787,446.8900146484375
2025-12-12,AAPL,-1,0.9015,278.2799987792969
2025-12-12,AMZN,0,0.402,226.19000244140625
2025-12-12,GOOGL,0,0.4569,309.2900085449219
2025-12-12,IBM,-1,0.7773,309.239990234375
2025-12-12,MSFT,-1,0.7473,478.5299987792969
2025-12-12,ORCL,-1,0.625,189.4691619873047
2025-12-12,TSLA,-1,0.5793,458.9599914550781
2025-12-15,AAPL,-1,0.8969,274.1099853515625
2025-12-15,AMZN,0,0.4096,222.5399932861328
2025-12-15,GOOGL,0,0.4571,308.2200012207031
2025-12-15,IBM,-1,0.7761,308.6600036621094
2025-12-15,MSFT,-1,0.7455,474.8200073242187
2025-12-15,ORCL,-1,0.6303,184.43246459960935
2025-12-15,TSLA,-1,0.5798,475.30999755859375
2025-12-16,AAPL,-1,0.8986,274.6099853515625
2025-12-16,AMZN,-1,0.4043,222.55999755859375
2025-12-16,GOOGL,0,0.4534,306.57000732421875
2025-12-16,IBM,-1,0.7775,303.17999267578125
2025-12-16,MSFT,-1,0.7469,476.3900146484375
2025-12-16,ORCL,-1,0.6341,188.1526336669922
2025-12-16,TSLA,-1,0.5768,489.8800048828125
2025-12-17,AAPL,-1,0.8983,271.8399963378906
2025-12-17,AMZN,-1,0.411,221.27000427246097
2025-12-17,GOOGL,0,0.4511,296.7200012207031
2025-12-17,IBM,-1,0.7775,303.32000732421875
2025-12-17,MSFT,-1,0.7473,476.1199951171875
2025-12-17,ORCL,-1,0.6343,177.989501953125
2025-12-17,TSLA,-1,0.5768,467.260009765625
2025-12-18,AAPL,-1,0.8966,272.19000244140625
2025-12-18,AMZN,-1,0.4149,226.7599945068359
2025-12-18,GOOGL,0,0.4444,302.4599914550781
2025-12-18,IBM,-1,0.7781,300.45001220703125
2025-12-18,MSFT,-1,0.7469,483.9800109863281
2025-12-18,ORCL,-1,0.6456,179.55535888671875
2025-12-18,TSLA,-1,0.5816,483.3699951171875
2025-12-19,AAPL,-1,0.8928,273.6700134277344
2025-12-19,AMZN,-1,0.4141,227.3500061035156
2025-12-19,GOOGL,0,0.4422,307.1600036621094
2025-12-19,IBM,-1,0.7763,300.9800109863281
2025-12-19,MSFT,-1,0.7473,485.9200134277344
2025-12-19,ORCL,-1,0.6473,191.46388244628903
2025-12-19,TSLA,-1,0.5845,481.2000122070313
2025-12-22,AAPL,-1,0.868,270.9700012207031
2025-12-22,AMZN,-1,0.4124,228.42999267578125
2025-12-22,GOOGL,0,0.4371,309.7799987792969
2025-12-22,IBM,-1,0.773,302.7900085449219
2025-12-22,MSFT,-1,0.7448,484.9200134277344
2025-12-22,ORCL,-1,0.6518,197.85699462890625
2025-12-22,TSLA,-1,0.5872,488.7300109863281
2025-12-23,AAPL,-1,0.8614,272.3599853515625
2025-12-23,AMZN,-1,0.4123,232.13999938964844
2025-12-23,GOOGL,0,0.4251,314.3500061035156
2025-12-23,IBM,-1,0.7706,303.7799987792969
2025-12-23,MSFT,-1,0.7462,486.8500061035156
2025-12-23,ORCL,-1,0.6463,194.8249969482422
2025-12-23,TSLA,-1,0.5855,485.55999755859375
2025-12-24,AAPL,-1,0.8652,273.80999755859375
2025-12-24,AMZN,-1,0.4075,232.3800048828125
2025-12-24,GOOGL,0,0.4145,314.0899963378906
2025-12-24,IBM,-1,0.7713,304.55999755859375
2025-12-24,MSFT,-1,0.7464,488.0199890136719
2025-12-24,ORCL,-1,0.6425,196.9693298339844
2025-12-24,TSLA,-1,0.5852,485.3999938964844
2025-12-26,AAPL,-1,0.8754,273.3999938964844
2025-12-26,AMZN,-1,0.3944,232.52000427246097
2025-12-26,GOOGL,0,0.4093,313.510009765625
2025-12-26,IBM,-1,0.7717,305.0899963378906
2025-12-26,MSFT,-1,0.7465,487.7099914550781
2025-12-26,ORCL,-1,0.6341,197.468017578125
2025-12-26,TSLA,-1,0.5842,475.19000244140625
2025-12-29,AAPL,-1,0.8819,273.760009765625
2025-12-29,AMZN,0,0.4142,232.07000732421875
2025-12-29,GOOGL,0,0.4052,313.55999755859375
2025-12-29,IBM,-1,0.7717,305.739990234375
2025-12-29,MSFT,-1,0.7451,487.1000061035156
2025-12-29,ORCL,-1,0.6306,194.86489868164065
2025-12-29,TSLA,-1,0.586,459.6400146484375
2025-12-30,AAPL,-1,0.8915,273.0799865722656
2025-12-30,AMZN,0,0.4207,232.52999877929688
2025-12-30,GOOGL,0,0.3995,313.8500061035156
2025-12-30,IBM,-1,0.773,302.04998779296875
2025-12-30,MSFT,-1,0.7464,487.4800109863281
2025-12-30,ORCL,-1,0.6287,196.69007873535156
2025-12-30,TSLA,-1,0.585,454.4299926757813
2025-12-31,AAPL,-1,0.8945,271.8599853515625
2025-12-31,AMZN,0,0.4249,230.82000732421875
2025-12-31,GOOGL,0,0.3916,313.0
2025-12-31,IBM,-1,0.7734,296.2099914550781
2025-12-31,MSFT,-1,0.7471,483.6199951171875
2025-12-31,ORCL,-1,0.6221,194.39613342285156
2025-12-31,TSLA,-1,0.5845,449.7200012207031
2026-01-02,AAPL,-1,0.8929,271.010009765625
2026-01-02,AMZN,0,0.4294,226.5
2026-01-02,GOOGL,0,0.3827,315.1499938964844
2026-01-02,IBM,-1,0.7738,291.5
2026-01-02,MSFT,-1,0.7472,472.94000244140625
2026-01-02,ORCL,-1,0.6157,195.19403076171875
2026-01-02,TSLA,-1,0.5839,438.0700073242187
2026-01-05,AAPL,-1,0.886,267.260009765625
2026-01-05,AMZN,0,0.4186,233.05999755859375
2026-01-05,GOOGL,1,0.3911,316.5400085449219
2026-01-05,IBM,-1,0.7723,294.9700012207031
2026-01-05,MSFT,-1,0.7468,472.8500061035156
2026-01-05,ORCL,-1,0.6145,192.08224487304688
2026-01-05,TSLA,-1,0.5863,451.6700134277344
2026-01-06,AAPL,-1,0.8841,262.3599853515625
2026-01-06,AMZN,0,0.395,240.92999267578125
2026-01-06,GOOGL,1,0.3984,314.3399963378906
2026-01-06,IBM,-1,0.7739,302.4700012207031
2026-01-06,MSFT,-1,0.7473,478.510009765625
2026-01-06,ORCL,-1,0.6188,193.23919677734375
2026-01-06,TSLA,-1,0.5829,432.9599914550781
2026-01-07,AAPL,-1,0.8825,260.3299865722656
2026-01-07,AMZN,-1,0.4048,241.55999755859375
2026-01-07,GOOGL,1,0.4042,321.9800109863281
2026-01-07,IBM,-1,0.7753,296.7300109863281
2026-01-07,MSFT,-1,0.7483,483.4700012207031
2026-01-07,ORCL,-1,0.6146,192.3315887451172
2026-01-07,TSLA,-1,0.5848,431.4100036621094
2026-01-08,AAPL,-1,0.88,259.0400085449219
2026-01-08,AMZN,-1,0.4056,246.2899932861328
2026-01-08,GOOGL,1,0.4087,325.44000244140625
2026-01-08,IBM,-1,0.775,302.7200012207031
2026-01-08,MSFT,-1,0.7484,478.1099853515625
2026-01-08,ORCL,-1,0.6106,189.1499938964844
2026-01-08,TSLA,-1,0.5869,435.7999877929687
2026-01-09,AAPL,-1,0.875,259.3699951171875
2026-01-09,AMZN,-1,0.3991,247.3800048828125
2026-01-09,GOOGL,1,0.4067,328.57000732421875
2026-01-09,IBM,-1,0.7752,304.2200012207031
2026-01-09,MSFT,-1,0.7467,479.2799987792969
2026-01-09,ORCL,-1,0.6129,198.52000427246097
2026-01-09,TSLA,-1,0.5881,445.010009765625
2026-01-12,AAPL,-1,0.8673,260.25
2026-01-12,AMZN,0,0.3955,246.47000122070312
2026-01-12,GOOGL,1,0.3981,331.8599853515625
2026-01-12,IBM,-1,0.7752,312.17999267578125
2026-01-12,MSFT,-1,0.7456,477.1799926757813
2026-01-12,ORCL,-1,0.62,204.67999267578125
2026-01-12,TSLA,-1,0.5895,448.9599914550781
2026-01-13,AAPL,-1,0.8671,261.04998779296875
2026-01-13,AMZN,0,0.4028,242.6000061035156
2026-01-13,GOOGL,1,0.3928,335.9700012207031
2026-01-13,IBM,-1,0.776,303.1600036621094
2026-01-13,MSFT,-1,0.7465,470.6700134277344
2026-01-13,ORCL,-1,0.6194,202.2899932861328
2026-01-13,TSLA,-1,0.5862,447.2000122070313
2026-01-14,AAPL,-1,0.8683,259.9599914550781
2026-01-14,AMZN,0,0.4045,236.6499938964844
2026-01-14,GOOGL,1,0.3857,335.8399963378906
2026-01-14,IBM,-1,0.7767,309.0299987792969
2026-01-14,MSFT,-1,0.7474,459.3800048828125
2026-01-14,ORCL,-1,0.6136,193.61000061035156
2026-01-14,TSLA,-1,0.584,439.2000122070313
2026-01-15,AAPL,-1,0.8658,258.2099914550781
2026-01-15,AMZN,0,0.4061,238.17999267578125
2026-01-15,GOOGL,1,0.3794,332.7799987792969
2026-01-15,IBM,-1,0.7776,297.95001220703125
2026-01-15,MSFT,-1,0.747,456.6600036621094
2026-01-15,ORCL,-1,0.619,189.8500061035156
2026-01-15,TSLA,-1,0.5837,438.5700073242187
2026-01-16,AAPL,-1,0.8629,255.52999877929688
2026-01-16,AMZN,0,0.4095,239.1199951171875
2026-01-16,GOOGL,1,0.3745,330.0
2026-01-16,IBM,-1,0.7743,305.6700134277344
2026-01-16,MSFT,-1,0.7463,459.8599853515625
2026-01-16,ORCL,-1,0.6189,191.08999633789065
2026-01-16,TSLA,-1,0.5837,437.5
2026-01-20,AAPL,-1,0.8393,246.6999969482422
2026-01-20,AMZN,0,0.4184,231.0
2026-01-20,GOOGL,1,0.3717,322.0
2026-01-20,IBM,-1,0.7741,291.3500061035156
2026-01-20,MSFT,-1,0.7456,454.5199890136719
2026-01-20,ORCL,-1,0.619,179.9199981689453
2026-01-20,TSLA,-1,0.5849,419.25
2026-01-21,AAPL,-1,0.7735,247.6499938964844
2026-01-21,AMZN,0,0.4124,231.30999755859375
2026-01-21,GOOGL,1,0.3729,328.3800048828125
2026-01-21,IBM,-1,0.771,297.5400085449219
2026-01-21,MSFT,-1,0.7463,444.1099853515625
2026-01-21,ORCL,-1,0.6261,173.8800048828125
2026-01-21,TSLA,-1,0.5845,431.44000244140625
2026-01-22,AAPL,-1,0.6831,248.3500061035156
2026-01-22,AMZN,-1,0.4083,234.33999633789065
2026-01-22,GOOGL,1,0.3695,330.5400085449219
2026-01-22,IBM,-1,0.7716,294.6700134277344
2026-01-22,MSFT,-1,0.7471,451.1400146484375
2026-01-22,ORCL,-1,0.6379,178.17999267578125
2026-01-22,TSLA,-1,0.5824,449.3599853515625
2026-01-23,AAPL,-1,0.589,248.0399932861328
2026-01-23,AMZN,-1,0.4095,239.16000366210935
2026-01-23,GOOGL,1,0.3715,327.92999267578125
2026-01-23,IBM,-1,0.7691,292.44000244140625
2026-01-23,MSFT,-1,0.7465,465.9500122070313
2026-01-23,ORCL,-1,0.6356,177.16000366210938
2026-01-23,TSLA,-1,0.5824,449.05999755859375
2026-01-26,AAPL,-1,0.5251,255.41000366210935
2026-01-26,AMZN,0,0.4059,238.4199981689453
2026-01-26,GOOGL,1,0.3717,333.260009765625
2026-01-26,IBM,-1,0.7669,296.3299865722656
2026-01-26,MSFT,-1,0.7476,470.2799987792969
2026-01-26,ORCL,-1,0.6417,182.44000244140625
2026-01-26,TSLA,-1,0.5857,435.2000122070313
2026-01-27,AAPL,-1,0.5154,258.2699890136719
2026-01-27,AMZN,0,0.4055,244.67999267578125
2026-01-27,GOOGL,1,0.3746,334.54998779296875
2026-01-27,IBM,-1,0.7685,293.8599853515625
2026-01-27,MSFT,-1,0.7472,480.5799865722656
2026-01-27,ORCL,-1,0.641,174.89999389648438
2026-01-27,TSLA,-1,0.585,430.8999938964844
2026-01-28,AAPL,-1,0.5523,256.44000244140625
2026-01-28,AMZN,-1,0.4054,243.0099945068359
2026-01-28,GOOGL,1,0.3753,336.010009765625
2026-01-28,IBM,-1,0.7697,294.1600036621094
2026-01-28,MSFT,-1,0.7466,481.6300048828125
2026-01-28,ORCL,-1,0.6435,172.8000030517578
2026-01-28,TSLA,-1,0.5826,431.4599914550781
2026-01-29,AAPL,-1,0.6007,258.2799987792969
2026-01-29,AMZN,0,0.407,241.72999572753903
2026-01-29,GOOGL,1,0.3756,338.25
2026-01-29,IBM,-1,0.7704,309.239990234375
2026-01-29,MSFT,-1,0.7452,433.5
2026-01-29,ORCL,-1,0.651,169.00999450683594
2026-01-29,TSLA,-1,0.5821,416.55999755859375
2026-01-30,AAPL,-1,0.6178,259.4800109863281
2026-01-30,AMZN,0,0.4109,239.3000030517578
2026-01-30,GOOGL,1,0.3803,338.0
2026-01-30,IBM,-1,0.7683,306.70001220703125
2026-01-30,MSFT,-1,0.7356,430.2900085449219
2026-01-30,ORCL,-1,0.6576,164.5800018310547
2026-01-30,TSLA,-1,0.5853,430.4100036621094
2026-02-02,AAPL,-1,0.5638,270.010009765625
2026-02-02,AMZN,0,0.4166,242.9600067138672
2026-02-02,GOOGL,1,0.3838,343.69000244140625
2026-02-02,IBM,-1,0.7647,314.7300109863281
2026-02-02,MSFT,-1,0.7364,423.3699951171875
2026-02-02,ORCL,-1,0.6593,160.05999755859375
2026-02-02,TSLA,-1,0.5882,421.80999755859375
2026-02-03,AAPL,-1,0.5369,269.4800109863281
2026-02-03,AMZN,0,0.4088,238.6199951171875
2026-02-03,GOOGL,1,0.3875,339.7099914550781
2026-02-03,IBM,-1,0.7662,294.30999755859375
2026-02-03,MSFT,-1,0.7362,411.2099914550781
2026-02-03,ORCL,-1,0.6689,154.6699981689453
2026-02-03,TSLA,-1,0.5861,421.9599914550781
2026-02-04,AAPL,-1,0.5319,276.489990234375
2026-02-04,AMZN,-1,0.4101,232.9900054931641
2026-02-04,GOOGL,1,0.3904,333.0400085449219
2026-02-04,IBM,-1,0.7548,289.04998779296875
2026-02-04,MSFT,-1,0.7341,414.19000244140625
2026-02-04,ORCL,-1,0.6714,146.6699981689453
2026-02-04,TSLA,-1,0.5857,406.010009765625
2026-02-05,AAPL,-1,0.5188,275.9100036621094
2026-02-05,AMZN,-1,0.418,222.69000244140625
2026-02-05,GOOGL,1,0.3941,331.25
2026-02-05,IBM,-1,0.7511,289.8900146484375
2026-02-05,MSFT,-1,0.7317,393.6700134277344
2026-02-05,ORCL,-1,0.6777,136.47999572753906
2026-02-05,TSLA,-1,0.5874,397.2099914550781
