Date,Ticker,Signal,Confidence
2024-03-13,AAPL,-1,0.691
2024-03-13,AMZN,1,0.7483
2024-03-13,GOOGL,-1,0.6089
2024-03-13,IBM,1,0.751
2024-03-13,MSFT,1,0.61
2024-03-13,ORCL,1,0.535
2024-03-13,TSLA,-1,0.6025
2024-03-14,AAPL,-1,0.6992
2024-03-14,AMZN,1,0.7402
2024-03-14,GOOGL,-1,0.614
2024-03-14,IBM,1,0.7505
2024-03-14,MSFT,1,0.6031
2024-03-14,ORCL,1,0.5375
2024-03-14,TSLA,-1,0.6028
2024-03-15,AAPL,-1,0.7106
2024-03-15,AMZN,1,0.7383
2024-03-15,GOOGL,-1,0.6196
2024-03-15,IBM,1,0.7414
2024-03-15,MSFT,1,0.5993
2024-03-15,ORCL,1,0.5407
2024-03-15,TSLA,-1,0.6056
2024-03-18,AAPL,-1,0.7181
2024-03-18,AMZN,1,0.7286
2024-03-18,GOOGL,-1,0.6103
2024-03-18,IBM,1,0.7283
2024-03-18,MSFT,1,0.5945
2024-03-18,ORCL,1,0.5459
2024-03-18,TSLA,-1,0.5996
2024-03-19,AAPL,-1,0.7209
2024-03-19,AMZN,1,0.7221
2024-03-19,GOOGL,-1,0.6086
2024-03-19,IBM,1,0.7204
2024-03-19,MSFT,1,0.5915
2024-03-19,ORCL,1,0.5549
2024-03-19,TSLA,-1,0.5991
2024-03-20,AAPL,-1,0.7193
2024-03-20,AMZN,1,0.7165
2024-03-20,GOOGL,-1,0.6039
2024-03-20,IBM,1,0.7204
2024-03-20,MSFT,1,0.5924
2024-03-20,ORCL,1,0.5653
2024-03-20,TSLA,-1,0.5935
2024-03-21,AAPL,-1,0.7412
2024-03-21,AMZN,1,0.7069
2024-03-21,GOOGL,-1,0.6034
2024-03-21,IBM,1,0.715
2024-03-21,MSFT,1,0.5888
2024-03-21,ORCL,1,0.5727
2024-03-21,TSLA,-1,0.5949
2024-03-22,AAPL,-1,0.7478
2024-03-22,AMZN,1,0.6978
2024-03-22,GOOGL,-1,0.5961
2024-03-22,IBM,1,0.706
2024-03-22,MSFT,1,0.5888
2024-03-22,ORCL,1,0.5794
2024-03-22,TSLA,-1,0.5941
2024-03-25,AAPL,-1,0.7574
2024-03-25,AMZN,1,0.6904
2024-03-25,GOOGL,-1,0.5823
2024-03-25,IBM,1,0.699
2024-03-25,MSFT,1,0.5898
2024-03-25,ORCL,1,0.5868
2024-03-25,TSLA,-1,0.5954
2024-03-26,AAPL,-1,0.7701
2024-03-26,AMZN,1,0.6856
2024-03-26,GOOGL,-1,0.569
2024-03-26,IBM,1,0.6907
2024-03-26,MSFT,1,0.5905
2024-03-26,ORCL,1,0.5934
2024-03-26,TSLA,-1,0.5953
2024-03-27,AAPL,-1,0.7711
2024-03-27,AMZN,1,0.6787
2024-03-27,GOOGL,-1,0.552
2024-03-27,IBM,1,0.682
2024-03-27,MSFT,1,0.5912
2024-03-27,ORCL,1,0.6002
2024-03-27,TSLA,-1,0.597
2024-03-28,AAPL,-1,0.7821
2024-03-28,AMZN,1,0.6677
2024-03-28,GOOGL,-1,0.5388
2024-03-28,IBM,1,0.6754
2024-03-28,MSFT,1,0.5875
2024-03-28,ORCL,1,0.606
2024-03-28,TSLA,-1,0.6039
2024-04-01,AAPL,-1,0.7884
2024-04-01,AMZN,1,0.6563
2024-04-01,GOOGL,-1,0.5177
2024-04-01,IBM,1,0.665
2024-04-01,MSFT,1,0.5843
2024-04-01,ORCL,1,0.611
2024-04-01,TSLA,-1,0.6103
2024-04-02,AAPL,-1,0.7858
2024-04-02,AMZN,1,0.6472
2024-04-02,GOOGL,1,0.5087
2024-04-02,IBM,1,0.6492
2024-04-02,MSFT,1,0.583
2024-04-02,ORCL,1,0.6163
2024-04-02,TSLA,-1,0.6176
2024-04-03,AAPL,-1,0.7691
2024-04-03,AMZN,1,0.6422
2024-04-03,GOOGL,1,0.5363
2024-04-03,IBM,1,0.6353
2024-04-03,MSFT,1,0.5886
2024-04-03,ORCL,1,0.6231
2024-04-03,TSLA,-1,0.6145
2024-04-04,AAPL,-1,0.7534
2024-04-04,AMZN,1,0.64
2024-04-04,GOOGL,1,0.5643
2024-04-04,IBM,1,0.6169
2024-04-04,MSFT,1,0.5945
2024-04-04,ORCL,1,0.632
2024-04-04,TSLA,-1,0.608
2024-04-05,AAPL,-1,0.7347
2024-04-05,AMZN,1,0.6322
2024-04-05,GOOGL,1,0.5884
2024-04-05,IBM,1,0.5963
2024-04-05,MSFT,1,0.5974
2024-04-05,ORCL,1,0.6372
2024-04-05,TSLA,-1,0.6103
2024-04-08,AAPL,-1,0.7229
2024-04-08,AMZN,1,0.6307
2024-04-08,GOOGL,1,0.614
2024-04-08,IBM,1,0.5868
2024-04-08,MSFT,1,0.6045
2024-04-08,ORCL,1,0.6458
2024-04-08,TSLA,-1,0.6045
2024-04-09,AAPL,-1,0.7114
2024-04-09,AMZN,1,0.6343
2024-04-09,GOOGL,1,0.6378
2024-04-09,IBM,1,0.5816
2024-04-09,MSFT,1,0.6125
2024-04-09,ORCL,1,0.6525
2024-04-09,TSLA,-1,0.6014
2024-04-10,AAPL,-1,0.7069
2024-04-10,AMZN,1,0.635
2024-04-10,GOOGL,1,0.6625
2024-04-10,IBM,1,0.5659
2024-04-10,MSFT,1,0.6148
2024-04-10,ORCL,1,0.6456
2024-04-10,TSLA,-1,0.6035
2024-04-11,AAPL,-1,0.6837
2024-04-11,AMZN,1,0.6334
2024-04-11,GOOGL,1,0.6828
2024-04-11,IBM,1,0.5507
2024-04-11,MSFT,1,0.6167
2024-04-11,ORCL,1,0.6383
2024-04-11,TSLA,-1,0.5962
2024-04-12,AAPL,-1,0.6715
2024-04-12,AMZN,1,0.629
2024-04-12,GOOGL,1,0.6957
2024-04-12,IBM,1,0.5352
2024-04-12,MSFT,1,0.6094
2024-04-12,ORCL,1,0.6327
2024-04-12,TSLA,-1,0.591
2024-04-15,AAPL,-1,0.6661
2024-04-15,AMZN,1,0.6301
2024-04-15,GOOGL,1,0.7114
2024-04-15,IBM,1,0.5233
2024-04-15,MSFT,1,0.6067
2024-04-15,ORCL,1,0.6268
2024-04-15,TSLA,-1,0.5919
2024-04-16,AAPL,-1,0.6657
2024-04-16,AMZN,1,0.6358
2024-04-16,GOOGL,1,0.7149
2024-04-16,IBM,1,0.5117
2024-04-16,MSFT,1,0.6035
2024-04-16,ORCL,1,0.6171
2024-04-16,TSLA,-1,0.5967
2024-04-17,AAPL,-1,0.6676
2024-04-17,AMZN,1,0.6387
2024-04-17,GOOGL,1,0.7189
2024-04-17,IBM,-1,0.5039
2024-04-17,MSFT,1,0.5956
2024-04-17,ORCL,1,0.6076
2024-04-17,TSLA,-1,0.6007
2024-04-18,AAPL,-1,0.6733
2024-04-18,AMZN,1,0.6363
2024-04-18,GOOGL,1,0.7218
2024-04-18,IBM,-1,0.522
2024-04-18,MSFT,1,0.5828
2024-04-18,ORCL,1,0.5962
2024-04-18,TSLA,-1,0.6108
2024-04-19,AAPL,-1,0.6698
2024-04-19,AMZN,1,0.6328
2024-04-19,GOOGL,1,0.7291
2024-04-19,IBM,-1,0.5369
2024-04-19,MSFT,1,0.5663
2024-04-19,ORCL,1,0.5834
2024-04-19,TSLA,-1,0.6183
2024-04-22,AAPL,-1,0.6647
2024-04-22,AMZN,1,0.6247
2024-04-22,GOOGL,1,0.7279
2024-04-22,IBM,-1,0.5484
2024-04-22,MSFT,1,0.5497
2024-04-22,ORCL,1,0.5708
2024-04-22,TSLA,-1,0.6281
2024-04-23,AAPL,-1,0.6554
2024-04-23,AMZN,1,0.6201
2024-04-23,GOOGL,1,0.7316
2024-04-23,IBM,-1,0.5556
2024-04-23,MSFT,1,0.5416
2024-04-23,ORCL,1,0.5597
2024-04-23,TSLA,-1,0.6306
2024-04-24,AAPL,-1,0.6424
2024-04-24,AMZN,1,0.6175
2024-04-24,GOOGL,1,0.7358
2024-04-24,IBM,-1,0.5602
2024-04-24,MSFT,1,0.5342
2024-04-24,ORCL,1,0.5483
2024-04-24,TSLA,-1,0.6191
2024-04-25,AAPL,-1,0.6373
2024-04-25,AMZN,1,0.6082
2024-04-25,GOOGL,1,0.7417
2024-04-25,IBM,-1,0.5907
2024-04-25,MSFT,1,0.521
2024-04-25,ORCL,1,0.5373
2024-04-25,TSLA,-1,0.6155
2024-04-26,AAPL,-1,0.6315
2024-04-26,AMZN,1,0.599
2024-04-26,GOOGL,1,0.7334
2024-04-26,IBM,-1,0.6191
2024-04-26,MSFT,1,0.5114
2024-04-26,ORCL,1,0.5268
2024-04-26,TSLA,-1,0.6164
2024-04-29,AAPL,-1,0.6158
2024-04-29,AMZN,1,0.5923
2024-04-29,GOOGL,1,0.7433
2024-04-29,IBM,-1,0.6422
2024-04-29,MSFT,-1,0.5031
2024-04-29,ORCL,1,0.5163
2024-04-29,TSLA,-1,0.5919
2024-04-30,AAPL,-1,0.6075
2024-04-30,AMZN,1,0.5847
2024-04-30,GOOGL,1,0.7474
2024-04-30,IBM,-1,0.6658
2024-04-30,MSFT,-1,0.5224
2024-04-30,ORCL,1,0.5046
2024-04-30,TSLA,-1,0.5869
2024-05-01,AAPL,-1,0.6005
2024-05-01,AMZN,1,0.5719
2024-05-01,GOOGL,1,0.7456
2024-05-01,IBM,-1,0.6981
2024-05-01,MSFT,-1,0.5382
2024-05-01,ORCL,-1,0.5101
2024-05-01,TSLA,-1,0.5807
2024-05-02,AAPL,-1,0.5853
2024-05-02,AMZN,1,0.5674
2024-05-02,GOOGL,1,0.7504
2024-05-02,IBM,-1,0.7256
2024-05-02,MSFT,-1,0.551
2024-05-02,ORCL,-1,0.5224
2024-05-02,TSLA,-1,0.5739
2024-05-03,AAPL,-1,0.5584
2024-05-03,AMZN,1,0.5623
2024-05-03,GOOGL,1,0.7569
2024-05-03,IBM,-1,0.75
2024-05-03,MSFT,-1,0.5618
2024-05-03,ORCL,-1,0.5336
2024-05-03,TSLA,-1,0.5631
2024-05-06,AAPL,-1,0.5377
2024-05-06,AMZN,1,0.559
2024-05-06,GOOGL,1,0.7605
2024-05-06,IBM,-1,0.7683
2024-05-06,MSFT,-1,0.5692
2024-05-06,ORCL,-1,0.5414
2024-05-06,TSLA,-1,0.5554
2024-05-07,AAPL,-1,0.5185
2024-05-07,AMZN,1,0.5558
2024-05-07,GOOGL,1,0.7573
2024-05-07,IBM,-1,0.7918
2024-05-07,MSFT,-1,0.5822
2024-05-07,ORCL,-1,0.55
2024-05-07,TSLA,-1,0.5531
2024-05-08,AAPL,1,0.5048
2024-05-08,AMZN,1,0.5512
2024-05-08,GOOGL,1,0.7615
2024-05-08,IBM,-1,0.8051
2024-05-08,MSFT,-1,0.5917
2024-05-08,ORCL,-1,0.5574
2024-05-08,TSLA,-1,0.548
2024-05-09,AAPL,1,0.5175
2024-05-09,AMZN,1,0.5431
2024-05-09,GOOGL,1,0.7568
2024-05-09,IBM,-1,0.8262
2024-05-09,MSFT,-1,0.6033
2024-05-09,ORCL,-1,0.5669
2024-05-09,TSLA,-1,0.5443
2024-05-10,AAPL,1,0.5265
2024-05-10,AMZN,1,0.5399
2024-05-10,GOOGL,1,0.7572
2024-05-10,IBM,-1,0.8354
2024-05-10,MSFT,-1,0.608
2024-05-10,ORCL,-1,0.5738
2024-05-10,TSLA,-1,0.5399
2024-05-13,AAPL,1,0.5429
2024-05-13,AMZN,1,0.5396
2024-05-13,GOOGL,1,0.7584
2024-05-13,IBM,-1,0.8416
2024-05-13,MSFT,-1,0.6077
2024-05-13,ORCL,-1,0.5789
2024-05-13,TSLA,-1,0.5283
2024-05-14,AAPL,1,0.5628
2024-05-14,AMZN,1,0.5394
2024-05-14,GOOGL,1,0.7582
2024-05-14,IBM,-1,0.85
2024-05-14,MSFT,-1,0.606
2024-05-14,ORCL,-1,0.5786
2024-05-14,TSLA,-1,0.516
2024-05-15,AAPL,1,0.583
2024-05-15,AMZN,1,0.5396
2024-05-15,GOOGL,1,0.7564
2024-05-15,IBM,-1,0.855
2024-05-15,MSFT,-1,0.6019
2024-05-15,ORCL,-1,0.5795
2024-05-15,TSLA,-1,0.5063
2024-05-16,AAPL,1,0.6049
2024-05-16,AMZN,1,0.5406
2024-05-16,GOOGL,1,0.7553
2024-05-16,IBM,-1,0.8545
2024-05-16,MSFT,-1,0.5959
2024-05-16,ORCL,-1,0.5771
2024-05-16,TSLA,1,0.5058
2024-05-17,AAPL,1,0.6298
2024-05-17,AMZN,1,0.5493
2024-05-17,GOOGL,1,0.7595
2024-05-17,IBM,-1,0.8552
2024-05-17,MSFT,-1,0.5844
2024-05-17,ORCL,-1,0.5715
2024-05-17,TSLA,1,0.52
2024-05-20,AAPL,1,0.6547
2024-05-20,AMZN,1,0.5536
2024-05-20,GOOGL,1,0.7634
2024-05-20,IBM,-1,0.8542
2024-05-20,MSFT,-1,0.5719
2024-05-20,ORCL,-1,0.566
2024-05-20,TSLA,1,0.5358
2024-05-21,AAPL,1,0.6798
2024-05-21,AMZN,1,0.5525
2024-05-21,GOOGL,1,0.7666
2024-05-21,IBM,-1,0.8475
2024-05-21,MSFT,-1,0.5633
2024-05-21,ORCL,-1,0.5609
2024-05-21,TSLA,1,0.5504
2024-05-22,AAPL,1,0.7035
2024-05-22,AMZN,1,0.5571
2024-05-22,GOOGL,1,0.7715
2024-05-22,IBM,-1,0.8467
2024-05-22,MSFT,-1,0.5526
2024-05-22,ORCL,-1,0.5509
2024-05-22,TSLA,1,0.56
2024-05-23,AAPL,1,0.7243
2024-05-23,AMZN,1,0.5651
2024-05-23,GOOGL,1,0.7813
2024-05-23,IBM,-1,0.8325
2024-05-23,MSFT,-1,0.5373
2024-05-23,ORCL,-1,0.5416
2024-05-23,TSLA,1,0.563
2024-05-24,AAPL,1,0.7417
2024-05-24,AMZN,1,0.5656
2024-05-24,GOOGL,1,0.7663
2024-05-24,IBM,-1,0.8108
2024-05-24,MSFT,-1,0.5222
2024-05-24,ORCL,-1,0.5355
2024-05-24,TSLA,1,0.563
2024-05-28,AAPL,1,0.7562
2024-05-28,AMZN,1,0.5626
2024-05-28,GOOGL,1,0.7592
2024-05-28,IBM,-1,0.7947
2024-05-28,MSFT,-1,0.507
2024-05-28,ORCL,-1,0.527
2024-05-28,TSLA,1,0.5535
2024-05-29,AAPL,1,0.7759
2024-05-29,AMZN,1,0.5679
2024-05-29,GOOGL,1,0.7623
2024-05-29,IBM,-1,0.7809
2024-05-29,MSFT,1,0.5165
2024-05-29,ORCL,-1,0.5159
2024-05-29,TSLA,1,0.5499
2024-05-30,AAPL,1,0.7983
2024-05-30,AMZN,1,0.5676
2024-05-30,GOOGL,1,0.7657
2024-05-30,IBM,-1,0.7622
2024-05-30,MSFT,1,0.5328
2024-05-30,ORCL,-1,0.5094
2024-05-30,TSLA,1,0.5472
2024-05-31,AAPL,1,0.8174
2024-05-31,AMZN,1,0.5584
2024-05-31,GOOGL,1,0.7603
2024-05-31,IBM,-1,0.7382
2024-05-31,MSFT,1,0.5477
2024-05-31,ORCL,-1,0.5022
2024-05-31,TSLA,1,0.5461
2024-06-03,AAPL,1,0.817
2024-06-03,AMZN,1,0.5471
2024-06-03,GOOGL,1,0.7536
2024-06-03,IBM,-1,0.7226
2024-06-03,MSFT,1,0.5573
2024-06-03,ORCL,1,0.5052
2024-06-03,TSLA,1,0.5436
2024-06-04,AAPL,1,0.8223
2024-06-04,AMZN,1,0.5341
2024-06-04,GOOGL,1,0.7481
2024-06-04,IBM,-1,0.7088
2024-06-04,MSFT,1,0.5624
2024-06-04,ORCL,1,0.5099
2024-06-04,TSLA,1,0.5386
2024-06-05,AAPL,1,0.8251
2024-06-05,AMZN,1,0.523
2024-06-05,GOOGL,1,0.738
2024-06-05,IBM,-1,0.6934
2024-06-05,MSFT,1,0.5711
2024-06-05,ORCL,1,0.5155
2024-06-05,TSLA,1,0.5367
2024-06-06,AAPL,1,0.8303
2024-06-06,AMZN,1,0.5152
2024-06-06,GOOGL,1,0.7322
2024-06-06,IBM,-1,0.6808
2024-06-06,MSFT,1,0.5799
2024-06-06,ORCL,1,0.5225
2024-06-06,TSLA,1,0.5376
2024-06-07,AAPL,1,0.8307
2024-06-07,AMZN,1,0.5061
2024-06-07,GOOGL,1,0.7288
2024-06-07,IBM,-1,0.6612
2024-06-07,MSFT,1,0.5874
2024-06-07,ORCL,1,0.5306
2024-06-07,TSLA,1,0.5407
2024-06-10,AAPL,1,0.8391
2024-06-10,AMZN,1,0.5021
2024-06-10,GOOGL,1,0.7237
2024-06-10,IBM,-1,0.6441
2024-06-10,MSFT,1,0.5938
2024-06-10,ORCL,1,0.5389
2024-06-10,TSLA,1,0.5444
2024-06-11,AAPL,1,0.8242
2024-06-11,AMZN,-1,0.5003
2024-06-11,GOOGL,1,0.7205
2024-06-11,IBM,-1,0.6306
2024-06-11,MSFT,1,0.6034
2024-06-11,ORCL,1,0.5469
2024-06-11,TSLA,1,0.5455
2024-06-12,AAPL,1,0.8257
2024-06-12,AMZN,-1,0.5037
2024-06-12,GOOGL,1,0.7169
2024-06-12,IBM,-1,0.6169
2024-06-12,MSFT,1,0.6124
2024-06-12,ORCL,1,0.5526
2024-06-12,TSLA,1,0.5417
2024-06-13,AAPL,1,0.8327
2024-06-13,AMZN,-1,0.5073
2024-06-13,GOOGL,1,0.7132
2024-06-13,IBM,-1,0.6029
2024-06-13,MSFT,1,0.6186
2024-06-13,ORCL,1,0.5638
2024-06-13,TSLA,1,0.5418
2024-06-14,AAPL,1,0.8422
2024-06-14,AMZN,-1,0.5092
2024-06-14,GOOGL,1,0.7012
2024-06-14,IBM,-1,0.5919
2024-06-14,MSFT,1,0.6257
2024-06-14,ORCL,1,0.5736
2024-06-14,TSLA,1,0.543
2024-06-17,AAPL,1,0.846
2024-06-17,AMZN,-1,0.5095
2024-06-17,GOOGL,1,0.6896
2024-06-17,IBM,-1,0.5798
2024-06-17,MSFT,1,0.636
2024-06-17,ORCL,1,0.5815
2024-06-17,TSLA,1,0.5413
2024-06-18,AAPL,1,0.8562
2024-06-18,AMZN,-1,0.5092
2024-06-18,GOOGL,1,0.6791
2024-06-18,IBM,-1,0.5675
2024-06-18,MSFT,1,0.6442
2024-06-18,ORCL,1,0.5896
2024-06-18,TSLA,1,0.5442
2024-06-20,AAPL,1,0.8657
2024-06-20,AMZN,-1,0.5055
2024-06-20,GOOGL,1,0.6658
2024-06-20,IBM,-1,0.5572
2024-06-20,MSFT,1,0.6499
2024-06-20,ORCL,1,0.5996
2024-06-20,TSLA,1,0.5418
2024-06-21,AAPL,1,0.8704
2024-06-21,AMZN,1,0.5005
2024-06-21,GOOGL,1,0.6551
2024-06-21,IBM,-1,0.5524
2024-06-21,MSFT,1,0.6539
2024-06-21,ORCL,1,0.6083
2024-06-21,TSLA,1,0.5408
2024-06-24,AAPL,1,0.8801
2024-06-24,AMZN,1,0.5082
2024-06-24,GOOGL,1,0.6527
2024-06-24,IBM,-1,0.5395
2024-06-24,MSFT,1,0.6625
2024-06-24,ORCL,1,0.6175
2024-06-24,TSLA,1,0.5434
2024-06-25,AAPL,1,0.8866
2024-06-25,AMZN,1,0.5152
2024-06-25,GOOGL,1,0.647
2024-06-25,IBM,-1,0.5325
2024-06-25,MSFT,1,0.6669
2024-06-25,ORCL,1,0.626
2024-06-25,TSLA,1,0.543
2024-06-26,AAPL,1,0.8882
2024-06-26,AMZN,1,0.5239
2024-06-26,GOOGL,1,0.6422
2024-06-26,IBM,-1,0.5246
2024-06-26,MSFT,1,0.6704
2024-06-26,ORCL,1,0.6325
2024-06-26,TSLA,1,0.5434
2024-06-27,AAPL,1,0.8944
2024-06-27,AMZN,1,0.5355
2024-06-27,GOOGL,1,0.6376
2024-06-27,IBM,-1,0.5119
2024-06-27,MSFT,1,0.6752
2024-06-27,ORCL,1,0.6381
2024-06-27,TSLA,1,0.5453
2024-06-28,AAPL,1,0.9039
2024-06-28,AMZN,1,0.5477
2024-06-28,GOOGL,1,0.6394
2024-06-28,IBM,1,0.5047
2024-06-28,MSFT,1,0.6889
2024-06-28,ORCL,1,0.6502
2024-06-28,TSLA,1,0.5461
2024-07-01,AAPL,1,0.8984
2024-07-01,AMZN,1,0.5632
2024-07-01,GOOGL,1,0.6386
2024-07-01,IBM,1,0.5199
2024-07-01,MSFT,1,0.6976
2024-07-01,ORCL,1,0.661
2024-07-01,TSLA,1,0.5465
2024-07-02,AAPL,1,0.8973
2024-07-02,AMZN,1,0.5761
2024-07-02,GOOGL,1,0.6366
2024-07-02,IBM,1,0.5392
2024-07-02,MSFT,1,0.7098
2024-07-02,ORCL,1,0.6715
2024-07-02,TSLA,1,0.5498
2024-07-03,AAPL,1,0.9012
2024-07-03,AMZN,1,0.5893
2024-07-03,GOOGL,1,0.6366
2024-07-03,IBM,1,0.5572
2024-07-03,MSFT,1,0.7218
2024-07-03,ORCL,1,0.6806
2024-07-03,TSLA,1,0.5567
2024-07-05,AAPL,1,0.901
2024-07-05,AMZN,1,0.6008
2024-07-05,GOOGL,1,0.636
2024-07-05,IBM,1,0.5728
2024-07-05,MSFT,1,0.7303
2024-07-05,ORCL,1,0.6887
2024-07-05,TSLA,1,0.5665
2024-07-08,AAPL,1,0.9105
2024-07-08,AMZN,1,0.6074
2024-07-08,GOOGL,1,0.6377
2024-07-08,IBM,1,0.5891
2024-07-08,MSFT,1,0.7423
2024-07-08,ORCL,1,0.6966
2024-07-08,TSLA,1,0.5787
2024-07-09,AAPL,1,0.9192
2024-07-09,AMZN,1,0.6132
2024-07-09,GOOGL,1,0.6395
2024-07-09,IBM,1,0.5939
2024-07-09,MSFT,1,0.7528
2024-07-09,ORCL,1,0.7065
2024-07-09,TSLA,1,0.5909
2024-07-10,AAPL,1,0.9289
2024-07-10,AMZN,1,0.6185
2024-07-10,GOOGL,1,0.6479
2024-07-10,IBM,1,0.5969
2024-07-10,MSFT,1,0.7577
2024-07-10,ORCL,1,0.711
2024-07-10,TSLA,1,0.6066
2024-07-11,AAPL,1,0.9374
2024-07-11,AMZN,1,0.6241
2024-07-11,GOOGL,1,0.6538
2024-07-11,IBM,1,0.6026
2024-07-11,MSFT,1,0.7648
2024-07-11,ORCL,1,0.7167
2024-07-11,TSLA,1,0.634
2024-07-12,AAPL,1,0.9235
2024-07-12,AMZN,1,0.6242
2024-07-12,GOOGL,1,0.6521
2024-07-12,IBM,1,0.6096
2024-07-12,MSFT,1,0.757
2024-07-12,ORCL,1,0.7072
2024-07-12,TSLA,1,0.645
2024-07-15,AAPL,1,0.9093
2024-07-15,AMZN,1,0.6295
2024-07-15,GOOGL,1,0.6536
2024-07-15,IBM,1,0.6179
2024-07-15,MSFT,1,0.7495
2024-07-15,ORCL,1,0.703
2024-07-15,TSLA,1,0.6558
2024-07-16,AAPL,1,0.9056
2024-07-16,AMZN,1,0.6368
2024-07-16,GOOGL,1,0.656
2024-07-16,IBM,1,0.6268
2024-07-16,MSFT,1,0.7431
2024-07-16,ORCL,1,0.6982
2024-07-16,TSLA,1,0.6688
2024-07-17,AAPL,1,0.9085
2024-07-17,AMZN,1,0.6446
2024-07-17,GOOGL,1,0.6562
2024-07-17,IBM,1,0.6378
2024-07-17,MSFT,1,0.7336
2024-07-17,ORCL,1,0.6932
2024-07-17,TSLA,1,0.6856
2024-07-18,AAPL,1,0.908
2024-07-18,AMZN,1,0.6517
2024-07-18,GOOGL,1,0.6574
2024-07-18,IBM,1,0.6501
2024-07-18,MSFT,1,0.7243
2024-07-18,ORCL,1,0.6824
2024-07-18,TSLA,1,0.6977
2024-07-19,AAPL,1,0.9049
2024-07-19,AMZN,1,0.6513
2024-07-19,GOOGL,1,0.6558
2024-07-19,IBM,1,0.6556
2024-07-19,MSFT,1,0.7129
2024-07-19,ORCL,1,0.6709
2024-07-19,TSLA,1,0.7174
2024-07-22,AAPL,1,0.9054
2024-07-22,AMZN,1,0.646
2024-07-22,GOOGL,1,0.6486
2024-07-22,IBM,1,0.6626
2024-07-22,MSFT,1,0.6972
2024-07-22,ORCL,1,0.6601
2024-07-22,TSLA,1,0.7191
2024-07-23,AAPL,1,0.9043
2024-07-23,AMZN,1,0.6457
2024-07-23,GOOGL,1,0.6457
2024-07-23,IBM,1,0.6654
2024-07-23,MSFT,1,0.686
2024-07-23,ORCL,1,0.6507
2024-07-23,TSLA,1,0.735
2024-07-24,AAPL,1,0.9101
2024-07-24,AMZN,1,0.6464
2024-07-24,GOOGL,1,0.6361
2024-07-24,IBM,1,0.6723
2024-07-24,MSFT,1,0.6743
2024-07-24,ORCL,1,0.6476
2024-07-24,TSLA,1,0.7717
2024-07-25,AAPL,1,0.9013
2024-07-25,AMZN,1,0.6325
2024-07-25,GOOGL,1,0.6187
2024-07-25,IBM,1,0.6795
2024-07-25,MSFT,1,0.6542
2024-07-25,ORCL,1,0.6409
2024-07-25,TSLA,1,0.7681
2024-07-26,AAPL,1,0.8895
2024-07-26,AMZN,1,0.6128
2024-07-26,GOOGL,1,0.5954
2024-07-26,IBM,1,0.6951
2024-07-26,MSFT,1,0.6307
2024-07-26,ORCL,1,0.6325
2024-07-26,TSLA,1,0.7707
2024-07-29,AAPL,1,0.8841
2024-07-29,AMZN,1,0.6007
2024-07-29,GOOGL,1,0.5784
2024-07-29,IBM,1,0.7082
2024-07-29,MSFT,1,0.6157
2024-07-29,ORCL,1,0.625
2024-07-29,TSLA,1,0.7602
2024-07-30,AAPL,1,0.8707
2024-07-30,AMZN,1,0.5821
2024-07-30,GOOGL,1,0.563
2024-07-30,IBM,1,0.7186
2024-07-30,MSFT,1,0.5935
2024-07-30,ORCL,1,0.6162
2024-07-30,TSLA,1,0.769
2024-07-31,AAPL,1,0.851
2024-07-31,AMZN,1,0.5619
2024-07-31,GOOGL,1,0.5466
2024-07-31,IBM,1,0.7251
2024-07-31,MSFT,1,0.5671
2024-07-31,ORCL,1,0.6043
2024-07-31,TSLA,1,0.7506
2024-08-01,AAPL,1,0.8386
2024-08-01,AMZN,1,0.545
2024-08-01,GOOGL,1,0.5298
2024-08-01,IBM,1,0.7365
2024-08-01,MSFT,1,0.5397
2024-08-01,ORCL,1,0.5954
2024-08-01,TSLA,1,0.7506
2024-08-02,AAPL,1,0.8137
2024-08-02,AMZN,1,0.5123
2024-08-02,GOOGL,1,0.5037
2024-08-02,IBM,1,0.7468
2024-08-02,MSFT,1,0.5051
2024-08-02,ORCL,1,0.5849
2024-08-02,TSLA,1,0.7411
2024-08-05,AAPL,1,0.7944
2024-08-05,AMZN,-1,0.531
2024-08-05,GOOGL,-1,0.5292
2024-08-05,IBM,1,0.7573
2024-08-05,MSFT,-1,0.5358
2024-08-05,ORCL,1,0.5712
2024-08-05,TSLA,1,0.7263
2024-08-06,AAPL,1,0.7567
2024-08-06,AMZN,-1,0.5748
2024-08-06,GOOGL,-1,0.565
2024-08-06,IBM,1,0.758
2024-08-06,MSFT,-1,0.5703
2024-08-06,ORCL,1,0.5578
2024-08-06,TSLA,1,0.6947
2024-08-07,AAPL,1,0.7113
2024-08-07,AMZN,-1,0.6183
2024-08-07,GOOGL,-1,0.602
2024-08-07,IBM,1,0.7617
2024-08-07,MSFT,-1,0.61
2024-08-07,ORCL,1,0.5424
2024-08-07,TSLA,1,0.6709
2024-08-08,AAPL,1,0.6764
2024-08-08,AMZN,-1,0.649
2024-08-08,GOOGL,-1,0.6253
2024-08-08,IBM,1,0.7609
2024-08-08,MSFT,-1,0.6378
2024-08-08,ORCL,1,0.5265
2024-08-08,TSLA,1,0.6438
2024-08-09,AAPL,1,0.6416
2024-08-09,AMZN,-1,0.6788
2024-08-09,GOOGL,-1,0.6472
2024-08-09,IBM,1,0.76
2024-08-09,MSFT,-1,0.6635
2024-08-09,ORCL,1,0.511
2024-08-09,TSLA,1,0.6193
2024-08-12,AAPL,1,0.605
2024-08-12,AMZN,-1,0.709
2024-08-12,GOOGL,-1,0.6772
2024-08-12,IBM,1,0.76
2024-08-12,MSFT,-1,0.694
2024-08-12,ORCL,-1,0.5045
2024-08-12,TSLA,1,0.5947
2024-08-13,AAPL,1,0.5712
2024-08-13,AMZN,-1,0.7334
2024-08-13,GOOGL,-1,0.6982
2024-08-13,IBM,1,0.7531
2024-08-13,MSFT,-1,0.7148
2024-08-13,ORCL,-1,0.5183
2024-08-13,TSLA,1,0.5661
2024-08-14,AAPL,1,0.5478
2024-08-14,AMZN,-1,0.754
2024-08-14,GOOGL,-1,0.7252
2024-08-14,IBM,1,0.7446
2024-08-14,MSFT,-1,0.7325
2024-08-14,ORCL,-1,0.5274
2024-08-14,TSLA,1,0.5449
2024-08-15,AAPL,1,0.5327
2024-08-15,AMZN,-1,0.7507
2024-08-15,GOOGL,-1,0.7402
2024-08-15,IBM,1,0.7405
2024-08-15,MSFT,-1,0.7439
2024-08-15,ORCL,-1,0.5343
2024-08-15,TSLA,1,0.5227
2024-08-16,AAPL,1,0.5197
2024-08-16,AMZN,-1,0.7574
2024-08-16,GOOGL,-1,0.7515
2024-08-16,IBM,1,0.7421
2024-08-16,MSFT,-1,0.7562
2024-08-16,ORCL,-1,0.5405
2024-08-16,TSLA,1,0.5075
2024-08-19,AAPL,1,0.5066
2024-08-19,AMZN,-1,0.7579
2024-08-19,GOOGL,-1,0.761
2024-08-19,IBM,1,0.7422
2024-08-19,MSFT,-1,0.7677
2024-08-19,ORCL,-1,0.5475
2024-08-19,TSLA,-1,0.5099
2024-08-20,AAPL,-1,0.5062
2024-08-20,AMZN,-1,0.7641
2024-08-20,GOOGL,-1,0.7764
2024-08-20,IBM,1,0.7441
2024-08-20,MSFT,-1,0.779
2024-08-20,ORCL,-1,0.5553
2024-08-20,TSLA,-1,0.5259
2024-08-21,AAPL,-1,0.5129
2024-08-21,AMZN,-1,0.7595
2024-08-21,GOOGL,-1,0.7829
2024-08-21,IBM,1,0.7473
2024-08-21,MSFT,-1,0.7813
2024-08-21,ORCL,-1,0.5592
2024-08-21,TSLA,-1,0.5302
2024-08-22,AAPL,-1,0.5127
2024-08-22,AMZN,-1,0.7644
2024-08-22,GOOGL,-1,0.7841
2024-08-22,IBM,1,0.7412
2024-08-22,MSFT,-1,0.7841
2024-08-22,ORCL,-1,0.5651
2024-08-22,TSLA,-1,0.542
2024-08-23,AAPL,-1,0.5081
2024-08-23,AMZN,-1,0.7651
2024-08-23,GOOGL,-1,0.7762
2024-08-23,IBM,1,0.7337
2024-08-23,MSFT,-1,0.7821
2024-08-23,ORCL,-1,0.5641
2024-08-23,TSLA,-1,0.5464
2024-08-26,AAPL,-1,0.5032
2024-08-26,AMZN,-1,0.7734
2024-08-26,GOOGL,-1,0.775
2024-08-26,IBM,1,0.7262
2024-08-26,MSFT,-1,0.7854
2024-08-26,ORCL,-1,0.5635
2024-08-26,TSLA,-1,0.5599
2024-08-27,AAPL,1,0.5008
2024-08-27,AMZN,-1,0.7832
2024-08-27,GOOGL,-1,0.7785
2024-08-27,IBM,1,0.7212
2024-08-27,MSFT,-1,0.7832
2024-08-27,ORCL,-1,0.5615
2024-08-27,TSLA,-1,0.5712
2024-08-28,AAPL,1,0.5016
2024-08-28,AMZN,-1,0.8023
2024-08-28,GOOGL,-1,0.7857
2024-08-28,IBM,1,0.7159
2024-08-28,MSFT,-1,0.78
2024-08-28,ORCL,-1,0.5621
2024-08-28,TSLA,-1,0.5858
2024-08-29,AAPL,1,0.5082
2024-08-29,AMZN,-1,0.8107
2024-08-29,GOOGL,-1,0.7928
2024-08-29,IBM,1,0.714
2024-08-29,MSFT,-1,0.7716
2024-08-29,ORCL,-1,0.5581
2024-08-29,TSLA,-1,0.5932
2024-08-30,AAPL,1,0.5102
2024-08-30,AMZN,-1,0.7813
2024-08-30,GOOGL,-1,0.7873
2024-08-30,IBM,1,0.7142
2024-08-30,MSFT,-1,0.755
2024-08-30,ORCL,-1,0.55
2024-08-30,TSLA,-1,0.5924
2024-09-03,AAPL,1,0.5201
2024-09-03,AMZN,-1,0.7572
2024-09-03,GOOGL,-1,0.7881
2024-09-03,IBM,1,0.725
2024-09-03,MSFT,-1,0.7384
2024-09-03,ORCL,-1,0.5399
2024-09-03,TSLA,-1,0.5936
2024-09-04,AAPL,1,0.5314
2024-09-04,AMZN,-1,0.739
2024-09-04,GOOGL,-1,0.7791
2024-09-04,IBM,1,0.7306
2024-09-04,MSFT,-1,0.7211
2024-09-04,ORCL,-1,0.5291
2024-09-04,TSLA,-1,0.5884
2024-09-05,AAPL,1,0.5407
2024-09-05,AMZN,-1,0.708
2024-09-05,GOOGL,-1,0.7646
2024-09-05,IBM,1,0.7386
2024-09-05,MSFT,-1,0.7023
2024-09-05,ORCL,-1,0.5158
2024-09-05,TSLA,-1,0.5766
2024-09-06,AAPL,1,0.5469
2024-09-06,AMZN,-1,0.6956
2024-09-06,GOOGL,-1,0.7726
2024-09-06,IBM,1,0.7377
2024-09-06,MSFT,-1,0.6917
2024-09-06,ORCL,-1,0.5062
2024-09-06,TSLA,-1,0.5813
2024-09-09,AAPL,1,0.5496
2024-09-09,AMZN,-1,0.6673
2024-09-09,GOOGL,-1,0.7765
2024-09-09,IBM,1,0.7324
2024-09-09,MSFT,-1,0.6765
2024-09-09,ORCL,1,0.5005
2024-09-09,TSLA,-1,0.5759
2024-09-10,AAPL,1,0.5481
2024-09-10,AMZN,-1,0.6391
2024-09-10,GOOGL,-1,0.7768
2024-09-10,IBM,1,0.7333
2024-09-10,MSFT,-1,0.6585
2024-09-10,ORCL,1,0.5139
2024-09-10,TSLA,-1,0.5663
2024-09-11,AAPL,1,0.5462
2024-09-11,AMZN,-1,0.6103
2024-09-11,GOOGL,-1,0.7724
2024-09-11,IBM,1,0.7338
2024-09-11,MSFT,-1,0.6398
2024-09-11,ORCL,1,0.5271
2024-09-11,TSLA,-1,0.561
2024-09-12,AAPL,1,0.5461
2024-09-12,AMZN,-1,0.5805
2024-09-12,GOOGL,-1,0.7563
2024-09-12,IBM,1,0.7381
2024-09-12,MSFT,-1,0.6228
2024-09-12,ORCL,1,0.5402
2024-09-12,TSLA,-1,0.5502
2024-09-13,AAPL,1,0.5427
2024-09-13,AMZN,-1,0.5636
2024-09-13,GOOGL,-1,0.7408
2024-09-13,IBM,1,0.7403
2024-09-13,MSFT,-1,0.6077
2024-09-13,ORCL,1,0.5535
2024-09-13,TSLA,-1,0.5421
2024-09-16,AAPL,1,0.5362
2024-09-16,AMZN,-1,0.5462
2024-09-16,GOOGL,-1,0.7279
2024-09-16,IBM,1,0.7454
2024-09-16,MSFT,-1,0.5897
2024-09-16,ORCL,1,0.567
2024-09-16,TSLA,-1,0.5353
2024-09-17,AAPL,1,0.5299
2024-09-17,AMZN,-1,0.5282
2024-09-17,GOOGL,-1,0.7194
2024-09-17,IBM,1,0.7541
2024-09-17,MSFT,-1,0.572
2024-09-17,ORCL,1,0.583
2024-09-17,TSLA,-1,0.5297
2024-09-18,AAPL,1,0.5258
2024-09-18,AMZN,-1,0.5119
2024-09-18,GOOGL,-1,0.7124
2024-09-18,IBM,1,0.7567
2024-09-18,MSFT,-1,0.5614
2024-09-18,ORCL,1,0.596
2024-09-18,TSLA,-1,0.5225
2024-09-19,AAPL,1,0.5299
2024-09-19,AMZN,1,0.5056
2024-09-19,GOOGL,-1,0.6981
2024-09-19,IBM,1,0.76
2024-09-19,MSFT,-1,0.5439
2024-09-19,ORCL,1,0.6066
2024-09-19,TSLA,-1,0.5114
2024-09-20,AAPL,1,0.5341
2024-09-20,AMZN,1,0.5266
2024-09-20,GOOGL,-1,0.6841
2024-09-20,IBM,1,0.762
2024-09-20,MSFT,-1,0.5264
2024-09-20,ORCL,1,0.6208
2024-09-20,TSLA,-1,0.5018
2024-09-23,AAPL,1,0.5358
2024-09-23,AMZN,1,0.5474
2024-09-23,GOOGL,-1,0.6782
2024-09-23,IBM,1,0.7692
2024-09-23,MSFT,-1,0.5105
2024-09-23,ORCL,1,0.6357
2024-09-23,TSLA,1,0.5078
2024-09-24,AAPL,1,0.5393
2024-09-24,AMZN,1,0.5696
2024-09-24,GOOGL,-1,0.6693
2024-09-24,IBM,1,0.7772
2024-09-24,MSFT,1,0.5062
2024-09-24,ORCL,1,0.6489
2024-09-24,TSLA,1,0.5208
2024-09-25,AAPL,1,0.5415
2024-09-25,AMZN,1,0.5945
2024-09-25,GOOGL,-1,0.6618
2024-09-25,IBM,1,0.7861
2024-09-25,MSFT,1,0.5226
2024-09-25,ORCL,1,0.6619
2024-09-25,TSLA,1,0.5357
2024-09-26,AAPL,1,0.5431
2024-09-26,AMZN,1,0.6191
2024-09-26,GOOGL,-1,0.6502
2024-09-26,IBM,1,0.7951
2024-09-26,MSFT,1,0.5393
2024-09-26,ORCL,1,0.6736
2024-09-26,TSLA,1,0.5511
2024-09-27,AAPL,1,0.5386
2024-09-27,AMZN,1,0.6391
2024-09-27,GOOGL,-1,0.6383
2024-09-27,IBM,1,0.8071
2024-09-27,MSFT,1,0.5526
2024-09-27,ORCL,1,0.6853
2024-09-27,TSLA,1,0.5655
2024-09-30,AAPL,1,0.5383
2024-09-30,AMZN,1,0.6488
2024-09-30,GOOGL,-1,0.6266
2024-09-30,IBM,1,0.8106
2024-09-30,MSFT,1,0.5626
2024-09-30,ORCL,1,0.6952
2024-09-30,TSLA,1,0.5773
2024-10-01,AAPL,1,0.5425
2024-10-01,AMZN,1,0.6599
2024-10-01,GOOGL,-1,0.6043
2024-10-01,IBM,1,0.8171
2024-10-01,MSFT,1,0.5775
2024-10-01,ORCL,1,0.7112
2024-10-01,TSLA,1,0.5926
2024-10-02,AAPL,1,0.5488
2024-10-02,AMZN,1,0.6759
2024-10-02,GOOGL,-1,0.5831
2024-10-02,IBM,1,0.8174
2024-10-02,MSFT,1,0.5912
2024-10-02,ORCL,1,0.723
2024-10-02,TSLA,1,0.6054
2024-10-03,AAPL,1,0.5495
2024-10-03,AMZN,1,0.6834
2024-10-03,GOOGL,-1,0.5673
2024-10-03,IBM,1,0.8179
2024-10-03,MSFT,1,0.6
2024-10-03,ORCL,1,0.7336
2024-10-03,TSLA,1,0.6093
2024-10-04,AAPL,1,0.5519
2024-10-04,AMZN,1,0.6949
2024-10-04,GOOGL,-1,0.5445
2024-10-04,IBM,1,0.8263
2024-10-04,MSFT,1,0.6104
2024-10-04,ORCL,1,0.7394
2024-10-04,TSLA,1,0.6141
2024-10-07,AAPL,1,0.5521
2024-10-07,AMZN,1,0.7091
2024-10-07,GOOGL,-1,0.5234
2024-10-07,IBM,1,0.8349
2024-10-07,MSFT,1,0.619
2024-10-07,ORCL,1,0.7533
2024-10-07,TSLA,1,0.624
2024-10-08,AAPL,1,0.5543
2024-10-08,AMZN,1,0.7113
2024-10-08,GOOGL,1,0.5014
2024-10-08,IBM,1,0.8418
2024-10-08,MSFT,1,0.621
2024-10-08,ORCL,1,0.7498
2024-10-08,TSLA,1,0.6267
2024-10-09,AAPL,1,0.5565
2024-10-09,AMZN,1,0.7076
2024-10-09,GOOGL,1,0.5212
2024-10-09,IBM,1,0.8408
2024-10-09,MSFT,1,0.6176
2024-10-09,ORCL,1,0.7471
2024-10-09,TSLA,1,0.6304
2024-10-10,AAPL,1,0.5608
2024-10-10,AMZN,1,0.7056
2024-10-10,GOOGL,1,0.5368
2024-10-10,IBM,1,0.8477
2024-10-10,MSFT,1,0.6109
2024-10-10,ORCL,1,0.7505
2024-10-10,TSLA,1,0.6338
2024-10-11,AAPL,1,0.5628
2024-10-11,AMZN,1,0.7038
2024-10-11,GOOGL,1,0.5487
2024-10-11,IBM,1,0.8478
2024-10-11,MSFT,1,0.601
2024-10-11,ORCL,1,0.749
2024-10-11,TSLA,1,0.6418
2024-10-14,AAPL,1,0.5745
2024-10-14,AMZN,1,0.6986
2024-10-14,GOOGL,1,0.5586
2024-10-14,IBM,1,0.8437
2024-10-14,MSFT,1,0.589
2024-10-14,ORCL,1,0.7409
2024-10-14,TSLA,1,0.6363
2024-10-15,AAPL,1,0.5823
2024-10-15,AMZN,1,0.6858
2024-10-15,GOOGL,1,0.5634
2024-10-15,IBM,1,0.8452
2024-10-15,MSFT,1,0.5713
2024-10-15,ORCL,1,0.7356
2024-10-15,TSLA,1,0.6299
2024-10-16,AAPL,1,0.5845
2024-10-16,AMZN,1,0.6744
2024-10-16,GOOGL,1,0.567
2024-10-16,IBM,1,0.8434
2024-10-16,MSFT,1,0.5569
2024-10-16,ORCL,1,0.729
2024-10-16,TSLA,1,0.6236
2024-10-17,AAPL,1,0.5773
2024-10-17,AMZN,1,0.6582
2024-10-17,GOOGL,1,0.5666
2024-10-17,IBM,1,0.8444
2024-10-17,MSFT,1,0.5366
2024-10-17,ORCL,1,0.7198
2024-10-17,TSLA,1,0.611
2024-10-18,AAPL,1,0.574
2024-10-18,AMZN,1,0.6419
2024-10-18,GOOGL,1,0.5653
2024-10-18,IBM,1,0.8431
2024-10-18,MSFT,1,0.5204
2024-10-18,ORCL,1,0.7131
2024-10-18,TSLA,1,0.6013
2024-10-21,AAPL,1,0.5757
2024-10-21,AMZN,1,0.6245
2024-10-21,GOOGL,1,0.5678
2024-10-21,IBM,1,0.8382
2024-10-21,MSFT,1,0.5067
2024-10-21,ORCL,1,0.7082
2024-10-21,TSLA,1,0.5876
2024-10-22,AAPL,1,0.5773
2024-10-22,AMZN,1,0.6072
2024-10-22,GOOGL,1,0.5696
2024-10-22,IBM,1,0.8308
2024-10-22,MSFT,-1,0.5003
2024-10-22,ORCL,1,0.7013
2024-10-22,TSLA,1,0.5712
2024-10-23,AAPL,1,0.5798
2024-10-23,AMZN,1,0.5924
2024-10-23,GOOGL,1,0.5731
2024-10-23,IBM,1,0.8242
2024-10-23,MSFT,-1,0.5084
2024-10-23,ORCL,1,0.6979
2024-10-23,TSLA,1,0.5551
2024-10-24,AAPL,1,0.5792
2024-10-24,AMZN,1,0.5771
2024-10-24,GOOGL,1,0.5717
2024-10-24,IBM,1,0.8266
2024-10-24,MSFT,-1,0.5151
2024-10-24,ORCL,1,0.6902
2024-10-24,TSLA,1,0.5397
2024-10-25,AAPL,1,0.5801
2024-10-25,AMZN,1,0.5711
2024-10-25,GOOGL,1,0.5701
2024-10-25,IBM,1,0.8144
2024-10-25,MSFT,-1,0.5168
2024-10-25,ORCL,1,0.6844
2024-10-25,TSLA,1,0.5344
2024-10-28,AAPL,1,0.5763
2024-10-28,AMZN,1,0.5677
2024-10-28,GOOGL,1,0.5685
2024-10-28,IBM,1,0.7972
2024-10-28,MSFT,-1,0.5215
2024-10-28,ORCL,1,0.6773
2024-10-28,TSLA,1,0.5297
2024-10-29,AAPL,1,0.5815
2024-10-29,AMZN,1,0.5677
2024-10-29,GOOGL,1,0.5691
2024-10-29,IBM,1,0.7815
2024-10-29,MSFT,-1,0.5165
2024-10-29,ORCL,1,0.6709
2024-10-29,TSLA,1,0.5259
2024-10-30,AAPL,1,0.5851
2024-10-30,AMZN,1,0.57
2024-10-30,GOOGL,1,0.5746
2024-10-30,IBM,1,0.7653
2024-10-30,MSFT,-1,0.5084
2024-10-30,ORCL,1,0.6649
2024-10-30,TSLA,1,0.5242
2024-10-31,AAPL,1,0.5873
2024-10-31,AMZN,1,0.5749
2024-10-31,GOOGL,1,0.5801
2024-10-31,IBM,1,0.7374
2024-10-31,MSFT,-1,0.5111
2024-10-31,ORCL,1,0.6643
2024-10-31,TSLA,1,0.5244
2024-11-01,AAPL,1,0.5843
2024-11-01,AMZN,1,0.5738
2024-11-01,GOOGL,1,0.5816
2024-11-01,IBM,1,0.7067
2024-11-01,MSFT,-1,0.5135
2024-11-01,ORCL,1,0.6527
2024-11-01,TSLA,1,0.5191
2024-11-04,AAPL,1,0.5875
2024-11-04,AMZN,1,0.5837
2024-11-04,GOOGL,1,0.589
2024-11-04,IBM,1,0.6766
2024-11-04,MSFT,-1,0.512
2024-11-04,ORCL,1,0.6442
2024-11-04,TSLA,1,0.5172
2024-11-05,AAPL,1,0.5859
2024-11-05,AMZN,1,0.5908
2024-11-05,GOOGL,1,0.5939
2024-11-05,IBM,1,0.6436
2024-11-05,MSFT,-1,0.5136
2024-11-05,ORCL,1,0.6314
2024-11-05,TSLA,1,0.5139
2024-11-06,AAPL,1,0.5802
2024-11-06,AMZN,1,0.5971
2024-11-06,GOOGL,1,0.603
2024-11-06,IBM,1,0.6064
2024-11-06,MSFT,-1,0.5132
2024-11-06,ORCL,1,0.6153
2024-11-06,TSLA,1,0.5166
2024-11-07,AAPL,1,0.5761
2024-11-07,AMZN,1,0.6045
2024-11-07,GOOGL,1,0.6151
2024-11-07,IBM,1,0.5747
2024-11-07,MSFT,-1,0.5106
2024-11-07,ORCL,1,0.6065
2024-11-07,TSLA,1,0.5221
2024-11-08,AAPL,1,0.577
2024-11-08,AMZN,1,0.6111
2024-11-08,GOOGL,1,0.6274
2024-11-08,IBM,1,0.543
2024-11-08,MSFT,-1,0.509
2024-11-08,ORCL,1,0.6006
2024-11-08,TSLA,1,0.5351
2024-11-11,AAPL,1,0.5716
2024-11-11,AMZN,1,0.6211
2024-11-11,GOOGL,1,0.6368
2024-11-11,IBM,1,0.5103
2024-11-11,MSFT,-1,0.5101
2024-11-11,ORCL,1,0.5967
2024-11-11,TSLA,1,0.5502
2024-11-12,AAPL,1,0.5589
2024-11-12,AMZN,1,0.6292
2024-11-12,GOOGL,1,0.6438
2024-11-12,IBM,-1,0.5209
2024-11-12,MSFT,-1,0.5107
2024-11-12,ORCL,1,0.5935
2024-11-12,TSLA,1,0.5689
2024-11-13,AAPL,1,0.5483
2024-11-13,AMZN,1,0.6383
2024-11-13,GOOGL,1,0.652
2024-11-13,IBM,-1,0.5515
2024-11-13,MSFT,-1,0.509
2024-11-13,ORCL,1,0.5903
2024-11-13,TSLA,1,0.5846
2024-11-14,AAPL,1,0.54
2024-11-14,AMZN,1,0.6519
2024-11-14,GOOGL,1,0.6617
2024-11-14,IBM,-1,0.5841
2024-11-14,MSFT,-1,0.5071
2024-11-14,ORCL,1,0.5873
2024-11-14,TSLA,1,0.605
2024-11-15,AAPL,1,0.526
2024-11-15,AMZN,1,0.6599
2024-11-15,GOOGL,1,0.6651
2024-11-15,IBM,-1,0.6217
2024-11-15,MSFT,-1,0.5131
2024-11-15,ORCL,1,0.5837
2024-11-15,TSLA,1,0.6163
2024-11-18,AAPL,1,0.5118
2024-11-18,AMZN,1,0.6631
2024-11-18,GOOGL,1,0.6632
2024-11-18,IBM,-1,0.651
2024-11-18,MSFT,-1,0.5179
2024-11-18,ORCL,1,0.5785
2024-11-18,TSLA,1,0.6273
2024-11-19,AAPL,-1,0.5016
2024-11-19,AMZN,1,0.6665
2024-11-19,GOOGL,1,0.6621
2024-11-19,IBM,-1,0.6783
2024-11-19,MSFT,-1,0.5254
2024-11-19,ORCL,1,0.5774
2024-11-19,TSLA,1,0.6436
2024-11-20,AAPL,-1,0.5067
2024-11-20,AMZN,1,0.6807
2024-11-20,GOOGL,1,0.6684
2024-11-20,IBM,-1,0.698
2024-11-20,MSFT,-1,0.5298
2024-11-20,ORCL,1,0.5792
2024-11-20,TSLA,1,0.6651
2024-11-21,AAPL,-1,0.5119
2024-11-21,AMZN,1,0.6938
2024-11-21,GOOGL,1,0.6764
2024-11-21,IBM,-1,0.6902
2024-11-21,MSFT,-1,0.5338
2024-11-21,ORCL,1,0.582
2024-11-21,TSLA,1,0.6748
2024-11-22,AAPL,-1,0.5172
2024-11-22,AMZN,1,0.7012
2024-11-22,GOOGL,1,0.6747
2024-11-22,IBM,-1,0.6825
2024-11-22,MSFT,-1,0.537
2024-11-22,ORCL,1,0.5862
2024-11-22,TSLA,1,0.6764
2024-11-25,AAPL,-1,0.5255
2024-11-25,AMZN,1,0.7045
2024-11-25,GOOGL,1,0.6677
2024-11-25,IBM,-1,0.6675
2024-11-25,MSFT,-1,0.5384
2024-11-25,ORCL,1,0.5936
2024-11-25,TSLA,1,0.6913
2024-11-26,AAPL,-1,0.5323
2024-11-26,AMZN,1,0.7082
2024-11-26,GOOGL,1,0.6602
2024-11-26,IBM,-1,0.6498
2024-11-26,MSFT,-1,0.538
2024-11-26,ORCL,1,0.5973
2024-11-26,TSLA,1,0.6999
2024-11-27,AAPL,-1,0.5331
2024-11-27,AMZN,1,0.7165
2024-11-27,GOOGL,1,0.6479
2024-11-27,IBM,-1,0.6298
2024-11-27,MSFT,-1,0.5424
2024-11-27,ORCL,1,0.6019
2024-11-27,TSLA,1,0.7113
2024-11-29,AAPL,-1,0.523
2024-11-29,AMZN,1,0.7307
2024-11-29,GOOGL,1,0.6416
2024-11-29,IBM,-1,0.6105
2024-11-29,MSFT,-1,0.5264
2024-11-29,ORCL,1,0.6072
2024-11-29,TSLA,1,0.7168
2024-12-02,AAPL,-1,0.5082
2024-12-02,AMZN,1,0.7334
2024-12-02,GOOGL,1,0.6355
2024-12-02,IBM,-1,0.5916
2024-12-02,MSFT,-1,0.5109
2024-12-02,ORCL,1,0.6132
2024-12-02,TSLA,1,0.7235
2024-12-03,AAPL,1,0.5087
2024-12-03,AMZN,1,0.7415
2024-12-03,GOOGL,1,0.6334
2024-12-03,IBM,-1,0.5675
2024-12-03,MSFT,1,0.5051
2024-12-03,ORCL,1,0.6165
2024-12-03,TSLA,1,0.743
2024-12-04,AAPL,1,0.5244
2024-12-04,AMZN,1,0.7461
2024-12-04,GOOGL,1,0.6308
2024-12-04,IBM,-1,0.5413
2024-12-04,MSFT,1,0.5201
2024-12-04,ORCL,1,0.618
2024-12-04,TSLA,1,0.7535
2024-12-05,AAPL,1,0.5405
2024-12-05,AMZN,1,0.7459
2024-12-05,GOOGL,1,0.6211
2024-12-05,IBM,-1,0.5221
2024-12-05,MSFT,1,0.5319
2024-12-05,ORCL,1,0.6172
2024-12-05,TSLA,1,0.7535
2024-12-06,AAPL,1,0.5516
2024-12-06,AMZN,1,0.7417
2024-12-06,GOOGL,1,0.6055
2024-12-06,IBM,-1,0.5
2024-12-06,MSFT,1,0.5406
2024-12-06,ORCL,1,0.6111
2024-12-06,TSLA,1,0.7487
2024-12-09,AAPL,1,0.5647
2024-12-09,AMZN,1,0.7455
2024-12-09,GOOGL,1,0.5953
2024-12-09,IBM,1,0.5157
2024-12-09,MSFT,1,0.5511
2024-12-09,ORCL,1,0.607
2024-12-09,TSLA,1,0.7519
2024-12-10,AAPL,1,0.5846
2024-12-10,AMZN,1,0.7495
2024-12-10,GOOGL,1,0.5868
2024-12-10,IBM,1,0.5326
2024-12-10,MSFT,1,0.5647
2024-12-10,ORCL,1,0.6047
2024-12-10,TSLA,1,0.7439
2024-12-11,AAPL,1,0.6012
2024-12-11,AMZN,1,0.7473
2024-12-11,GOOGL,1,0.5852
2024-12-11,IBM,1,0.5493
2024-12-11,MSFT,1,0.5735
2024-12-11,ORCL,1,0.5935
2024-12-11,TSLA,1,0.736
2024-12-12,AAPL,1,0.617
2024-12-12,AMZN,1,0.7457
2024-12-12,GOOGL,1,0.59
2024-12-12,IBM,1,0.5668
2024-12-12,MSFT,1,0.581
2024-12-12,ORCL,1,0.5831
2024-12-12,TSLA,1,0.7437
2024-12-13,AAPL,1,0.6293
2024-12-13,AMZN,1,0.745
2024-12-13,GOOGL,1,0.5968
2024-12-13,IBM,1,0.5878
2024-12-13,MSFT,1,0.5869
2024-12-13,ORCL,1,0.5725
2024-12-13,TSLA,1,0.7424
2024-12-16,AAPL,1,0.6462
2024-12-16,AMZN,1,0.7514
2024-12-16,GOOGL,1,0.6079
2024-12-16,IBM,1,0.6143
2024-12-16,MSFT,1,0.6005
2024-12-16,ORCL,1,0.5643
2024-12-16,TSLA,1,0.7385
2024-12-17,AAPL,1,0.659
2024-12-17,AMZN,1,0.763
2024-12-17,GOOGL,1,0.6171
2024-12-17,IBM,1,0.637
2024-12-17,MSFT,1,0.6131
2024-12-17,ORCL,1,0.5533
2024-12-17,TSLA,1,0.7379
2024-12-18,AAPL,1,0.6748
2024-12-18,AMZN,1,0.7765
2024-12-18,GOOGL,1,0.6225
2024-12-18,IBM,1,0.6577
2024-12-18,MSFT,1,0.6247
2024-12-18,ORCL,1,0.5399
2024-12-18,TSLA,1,0.7623
2024-12-19,AAPL,1,0.6879
2024-12-19,AMZN,1,0.7786
2024-12-19,GOOGL,1,0.6248
2024-12-19,IBM,1,0.6702
2024-12-19,MSFT,1,0.6341
2024-12-19,ORCL,1,0.5259
2024-12-19,TSLA,1,0.7678
2024-12-20,AAPL,1,0.702
2024-12-20,AMZN,1,0.7885
2024-12-20,GOOGL,1,0.6375
2024-12-20,IBM,1,0.6755
2024-12-20,MSFT,1,0.6441
2024-12-20,ORCL,1,0.5111
2024-12-20,TSLA,1,0.779
2024-12-23,AAPL,1,0.7172
2024-12-23,AMZN,1,0.8027
2024-12-23,GOOGL,1,0.6557
2024-12-23,IBM,1,0.68
2024-12-23,MSFT,1,0.6513
2024-12-23,ORCL,-1,0.5036
2024-12-23,TSLA,1,0.7715
2024-12-24,AAPL,1,0.7307
2024-12-24,AMZN,1,0.8089
2024-12-24,GOOGL,1,0.6733
2024-12-24,IBM,1,0.6802
2024-12-24,MSFT,1,0.6578
2024-12-24,ORCL,-1,0.514
2024-12-24,TSLA,1,0.7576
2024-12-26,AAPL,1,0.7451
2024-12-26,AMZN,1,0.8153
2024-12-26,GOOGL,1,0.6908
2024-12-26,IBM,1,0.6781
2024-12-26,MSFT,1,0.6596
2024-12-26,ORCL,-1,0.5265
2024-12-26,TSLA,1,0.7662
2024-12-27,AAPL,1,0.7607
2024-12-27,AMZN,1,0.8234
2024-12-27,GOOGL,1,0.7086
2024-12-27,IBM,1,0.6792
2024-12-27,MSFT,1,0.6633
2024-12-27,ORCL,-1,0.5352
2024-12-27,TSLA,1,0.7828
2024-12-30,AAPL,1,0.7718
2024-12-30,AMZN,1,0.8269
2024-12-30,GOOGL,1,0.7235
2024-12-30,IBM,1,0.6778
2024-12-30,MSFT,1,0.664
2024-12-30,ORCL,-1,0.5462
2024-12-30,TSLA,1,0.7912
2024-12-31,AAPL,1,0.7789
2024-12-31,AMZN,1,0.8259
2024-12-31,GOOGL,1,0.7349
2024-12-31,IBM,1,0.6741
2024-12-31,MSFT,1,0.6578
2024-12-31,ORCL,-1,0.5547
2024-12-31,TSLA,1,0.7956
2025-01-02,AAPL,1,0.7842
2025-01-02,AMZN,1,0.8185
2025-01-02,GOOGL,1,0.7445
2025-01-02,IBM,1,0.6679
2025-01-02,MSFT,1,0.6501
2025-01-02,ORCL,-1,0.565
2025-01-02,TSLA,1,0.8069
2025-01-03,AAPL,1,0.7816
2025-01-03,AMZN,1,0.8046
2025-01-03,GOOGL,1,0.7497
2025-01-03,IBM,1,0.6566
2025-01-03,MSFT,1,0.6398
2025-01-03,ORCL,-1,0.5782
2025-01-03,TSLA,1,0.7787
2025-01-06,AAPL,1,0.7752
2025-01-06,AMZN,1,0.7894
2025-01-06,GOOGL,1,0.7557
2025-01-06,IBM,1,0.6461
2025-01-06,MSFT,1,0.6274
2025-01-06,ORCL,-1,0.5914
2025-01-06,TSLA,1,0.7708
2025-01-07,AAPL,1,0.7721
2025-01-07,AMZN,1,0.7758
2025-01-07,GOOGL,1,0.7666
2025-01-07,IBM,1,0.6251
2025-01-07,MSFT,1,0.6152
2025-01-07,ORCL,-1,0.6121
2025-01-07,TSLA,1,0.7722
2025-01-08,AAPL,1,0.7614
2025-01-08,AMZN,1,0.7567
2025-01-08,GOOGL,1,0.7771
2025-01-08,IBM,1,0.6126
2025-01-08,MSFT,1,0.6009
2025-01-08,ORCL,-1,0.6286
2025-01-08,TSLA,1,0.7624
2025-01-10,AAPL,1,0.7529
2025-01-10,AMZN,1,0.7404
2025-01-10,GOOGL,1,0.7758
2025-01-10,IBM,1,0.5957
2025-01-10,MSFT,1,0.5875
2025-01-10,ORCL,-1,0.6479
2025-01-10,TSLA,1,0.7503
2025-01-13,AAPL,1,0.7404
2025-01-13,AMZN,1,0.7159
2025-01-13,GOOGL,1,0.7618
2025-01-13,IBM,1,0.577
2025-01-13,MSFT,1,0.57
2025-01-13,ORCL,-1,0.6616
2025-01-13,TSLA,1,0.7289
2025-01-14,AAPL,1,0.722
2025-01-14,AMZN,1,0.6932
2025-01-14,GOOGL,1,0.7534
2025-01-14,IBM,1,0.5521
2025-01-14,MSFT,1,0.5514
2025-01-14,ORCL,-1,0.668
2025-01-14,TSLA,1,0.7169
2025-01-15,AAPL,1,0.6996
2025-01-15,AMZN,1,0.6681
2025-01-15,GOOGL,1,0.741
2025-01-15,IBM,1,0.5313
2025-01-15,MSFT,1,0.5305
2025-01-15,ORCL,-1,0.6744
2025-01-15,TSLA,1,0.6856
2025-01-16,AAPL,1,0.6769
2025-01-16,AMZN,1,0.647
2025-01-16,GOOGL,1,0.7295
2025-01-16,IBM,1,0.5153
2025-01-16,MSFT,1,0.5085
2025-01-16,ORCL,-1,0.6786
2025-01-16,TSLA,1,0.6692
2025-01-17,AAPL,1,0.6424
2025-01-17,AMZN,1,0.6253
2025-01-17,GOOGL,1,0.7139
2025-01-17,IBM,1,0.5007
2025-01-17,MSFT,-1,0.5142
2025-01-17,ORCL,-1,0.6807
2025-01-17,TSLA,1,0.6397
2025-01-21,AAPL,1,0.6149
2025-01-21,AMZN,1,0.6203
2025-01-21,GOOGL,1,0.7097
2025-01-21,IBM,-1,0.5032
2025-01-21,MSFT,-1,0.5248
2025-01-21,ORCL,-1,0.6636
2025-01-21,TSLA,1,0.6241
2025-01-22,AAPL,1,0.5806
2025-01-22,AMZN,1,0.6186
2025-01-22,GOOGL,1,0.7106
2025-01-22,IBM,-1,0.5094
2025-01-22,MSFT,-1,0.5249
2025-01-22,ORCL,-1,0.6437
2025-01-22,TSLA,1,0.6126
2025-01-23,AAPL,1,0.5433
2025-01-23,AMZN,1,0.6188
2025-01-23,GOOGL,1,0.7105
2025-01-23,IBM,-1,0.5127
2025-01-23,MSFT,-1,0.524
2025-01-23,ORCL,-1,0.6309
2025-01-23,TSLA,1,0.6024
2025-01-24,AAPL,1,0.5041
2025-01-24,AMZN,1,0.6182
2025-01-24,GOOGL,1,0.7044
2025-01-24,IBM,-1,0.5154
2025-01-24,MSFT,-1,0.5243
2025-01-24,ORCL,-1,0.6217
2025-01-24,TSLA,1,0.5921
2025-01-27,AAPL,-1,0.5338
2025-01-27,AMZN,1,0.6128
2025-01-27,GOOGL,1,0.7027
2025-01-27,IBM,-1,0.5216
2025-01-27,MSFT,-1,0.5325
2025-01-27,ORCL,-1,0.6416
2025-01-27,TSLA,1,0.5769
2025-01-28,AAPL,-1,0.5641
2025-01-28,AMZN,1,0.6109
2025-01-28,GOOGL,1,0.6922
2025-01-28,IBM,-1,0.5275
2025-01-28,MSFT,-1,0.5322
2025-01-28,ORCL,-1,0.6346
2025-01-28,TSLA,1,0.5594
2025-01-29,AAPL,-1,0.5899
2025-01-29,AMZN,1,0.6155
2025-01-29,GOOGL,1,0.6874
2025-01-29,IBM,-1,0.5286
2025-01-29,MSFT,-1,0.5295
2025-01-29,ORCL,-1,0.633
2025-01-29,TSLA,1,0.5469
2025-01-30,AAPL,-1,0.6125
2025-01-30,AMZN,1,0.6209
2025-01-30,GOOGL,1,0.6816
2025-01-30,IBM,-1,0.5065
2025-01-30,MSFT,-1,0.5352
2025-01-30,ORCL,-1,0.619
2025-01-30,TSLA,1,0.5347
2025-01-31,AAPL,-1,0.636
2025-01-31,AMZN,1,0.6237
2025-01-31,GOOGL,1,0.6811
2025-01-31,IBM,1,0.5097
2025-01-31,MSFT,-1,0.5399
2025-01-31,ORCL,-1,0.6127
2025-01-31,TSLA,1,0.5277
2025-02-03,AAPL,-1,0.6605
2025-02-03,AMZN,1,0.6267
2025-02-03,GOOGL,1,0.6852
2025-02-03,IBM,1,0.5296
2025-02-03,MSFT,-1,0.5445
2025-02-03,ORCL,-1,0.6067
2025-02-03,TSLA,1,0.5263
2025-02-04,AAPL,-1,0.6723
2025-02-04,AMZN,1,0.6272
2025-02-04,GOOGL,1,0.6841
2025-02-04,IBM,1,0.5495
2025-02-04,MSFT,-1,0.5506
2025-02-04,ORCL,-1,0.5998
2025-02-04,TSLA,1,0.5181
2025-02-05,AAPL,-1,0.6896
2025-02-05,AMZN,1,0.6255
2025-02-05,GOOGL,1,0.6845
2025-02-05,IBM,1,0.571
2025-02-05,MSFT,-1,0.5602
2025-02-05,ORCL,-1,0.5878
2025-02-05,TSLA,1,0.5085
2025-02-06,AAPL,-1,0.7022
2025-02-06,AMZN,1,0.6246
2025-02-06,GOOGL,1,0.6681
2025-02-06,IBM,1,0.5917
2025-02-06,MSFT,-1,0.5651
2025-02-06,ORCL,-1,0.5743
2025-02-06,TSLA,1,0.5011
2025-02-07,AAPL,-1,0.7249
2025-02-07,AMZN,1,0.6239
2025-02-07,GOOGL,1,0.6529
2025-02-07,IBM,1,0.6105
2025-02-07,MSFT,-1,0.5744
2025-02-07,ORCL,-1,0.5604
2025-02-07,TSLA,-1,0.5072
2025-02-10,AAPL,-1,0.7333
2025-02-10,AMZN,1,0.6233
2025-02-10,GOOGL,1,0.6358
2025-02-10,IBM,1,0.6336
2025-02-10,MSFT,-1,0.5768
2025-02-10,ORCL,-1,0.5399
2025-02-10,TSLA,-1,0.5189
2025-02-11,AAPL,-1,0.7291
2025-02-11,AMZN,1,0.628
2025-02-11,GOOGL,1,0.6215
2025-02-11,IBM,1,0.6598
2025-02-11,MSFT,-1,0.5763
2025-02-11,ORCL,-1,0.5208
2025-02-11,TSLA,-1,0.5379
2025-02-12,AAPL,-1,0.7214
2025-02-12,AMZN,1,0.6321
2025-02-12,GOOGL,1,0.6078
2025-02-12,IBM,1,0.6875
2025-02-12,MSFT,-1,0.5775
2025-02-12,ORCL,-1,0.5074
2025-02-12,TSLA,-1,0.5519
2025-02-13,AAPL,-1,0.7147
2025-02-13,AMZN,1,0.6292
2025-02-13,GOOGL,1,0.5862
2025-02-13,IBM,1,0.7131
2025-02-13,MSFT,-1,0.5846
2025-02-13,ORCL,1,0.5065
2025-02-13,TSLA,-1,0.5668
2025-02-14,AAPL,-1,0.6951
2025-02-14,AMZN,1,0.631
2025-02-14,GOOGL,1,0.5703
2025-02-14,IBM,1,0.7378
2025-02-14,MSFT,-1,0.59
2025-02-14,ORCL,1,0.5187
2025-02-14,TSLA,-1,0.5801
2025-02-18,AAPL,-1,0.679
2025-02-18,AMZN,1,0.6274
2025-02-18,GOOGL,1,0.5493
2025-02-18,IBM,1,0.762
2025-02-18,MSFT,-1,0.5972
2025-02-18,ORCL,1,0.5315
2025-02-18,TSLA,-1,0.5975
2025-02-19,AAPL,-1,0.6536
2025-02-19,AMZN,1,0.6195
2025-02-19,GOOGL,1,0.5277
2025-02-19,IBM,1,0.7895
2025-02-19,MSFT,-1,0.5992
2025-02-19,ORCL,1,0.5389
2025-02-19,TSLA,-1,0.6104
2025-02-20,AAPL,-1,0.6287
2025-02-20,AMZN,1,0.6075
2025-02-20,GOOGL,1,0.5047
2025-02-20,IBM,1,0.8196
2025-02-20,MSFT,-1,0.6116
2025-02-20,ORCL,1,0.5371
2025-02-20,TSLA,-1,0.625
2025-02-21,AAPL,-1,0.6046
2025-02-21,AMZN,1,0.5944
2025-02-21,GOOGL,-1,0.5212
2025-02-21,IBM,1,0.8509
2025-02-21,MSFT,-1,0.6304
2025-02-21,ORCL,1,0.5322
2025-02-21,TSLA,-1,0.6443
2025-02-24,AAPL,-1,0.576
2025-02-24,AMZN,1,0.5772
2025-02-24,GOOGL,-1,0.55
2025-02-24,IBM,1,0.876
2025-02-24,MSFT,-1,0.6478
2025-02-24,ORCL,1,0.5277
2025-02-24,TSLA,-1,0.6605
2025-02-25,AAPL,-1,0.5557
2025-02-25,AMZN,1,0.5572
2025-02-25,GOOGL,-1,0.5673
2025-02-25,IBM,1,0.9069
2025-02-25,MSFT,-1,0.663
2025-02-25,ORCL,1,0.5379
2025-02-25,TSLA,-1,0.6901
2025-02-26,AAPL,-1,0.5517
2025-02-26,AMZN,1,0.5373
2025-02-26,GOOGL,-1,0.5863
2025-02-26,IBM,1,0.9315
2025-02-26,MSFT,-1,0.6816
2025-02-26,ORCL,1,0.5446
2025-02-26,TSLA,-1,0.7131
2025-02-27,AAPL,-1,0.5495
2025-02-27,AMZN,1,0.5151
2025-02-27,GOOGL,-1,0.6122
2025-02-27,IBM,1,0.9539
2025-02-27,MSFT,-1,0.7042
2025-02-27,ORCL,1,0.5517
2025-02-27,TSLA,-1,0.7351
2025-02-28,AAPL,-1,0.5404
2025-02-28,AMZN,-1,0.5035
2025-02-28,GOOGL,-1,0.6417
2025-02-28,IBM,1,0.9413
2025-02-28,MSFT,-1,0.7
2025-02-28,ORCL,1,0.5502
2025-02-28,TSLA,-1,0.7403
2025-03-03,AAPL,-1,0.5323
2025-03-03,AMZN,-1,0.5288
2025-03-03,GOOGL,-1,0.6789
2025-03-03,IBM,1,0.9317
2025-03-03,MSFT,-1,0.705
2025-03-03,ORCL,1,0.548
2025-03-03,TSLA,-1,0.7613
2025-03-04,AAPL,-1,0.5144
2025-03-04,AMZN,-1,0.5556
2025-03-04,GOOGL,-1,0.7022
2025-03-04,IBM,1,0.9096
2025-03-04,MSFT,-1,0.7017
2025-03-04,ORCL,1,0.5445
2025-03-04,TSLA,-1,0.782
2025-03-05,AAPL,-1,0.5047
2025-03-05,AMZN,-1,0.5875
2025-03-05,GOOGL,-1,0.7358
2025-03-05,IBM,1,0.8868
2025-03-05,MSFT,-1,0.6928
2025-03-05,ORCL,1,0.5396
2025-03-05,TSLA,-1,0.7892
2025-03-06,AAPL,1,0.5059
2025-03-06,AMZN,-1,0.6224
2025-03-06,GOOGL,-1,0.7533
2025-03-06,IBM,1,0.8659
2025-03-06,MSFT,-1,0.6948
2025-03-06,ORCL,1,0.5313
2025-03-06,TSLA,-1,0.8206
2025-03-07,AAPL,1,0.5203
2025-03-07,AMZN,-1,0.6586
2025-03-07,GOOGL,-1,0.7652
2025-03-07,IBM,1,0.8418
2025-03-07,MSFT,-1,0.6999
2025-03-07,ORCL,1,0.5214
2025-03-07,TSLA,-1,0.8367
2025-03-10,AAPL,1,0.5352
2025-03-10,AMZN,-1,0.69
2025-03-10,GOOGL,-1,0.7885
2025-03-10,IBM,1,0.8393
2025-03-10,MSFT,-1,0.7122
2025-03-10,ORCL,1,0.5078
2025-03-10,TSLA,-1,0.9188
2025-03-11,AAPL,1,0.5466
2025-03-11,AMZN,-1,0.7167
2025-03-11,GOOGL,-1,0.8049
2025-03-11,IBM,1,0.8387
2025-03-11,MSFT,-1,0.7178
2025-03-11,ORCL,-1,0.5122
2025-03-11,TSLA,-1,0.9133
2025-03-12,AAPL,1,0.5488
2025-03-12,AMZN,-1,0.7414
2025-03-12,GOOGL,-1,0.8085
2025-03-12,IBM,1,0.8212
2025-03-12,MSFT,-1,0.7205
2025-03-12,ORCL,-1,0.5263
2025-03-12,TSLA,-1,0.8834
2025-03-13,AAPL,1,0.5384
2025-03-13,AMZN,-1,0.7762
2025-03-13,GOOGL,-1,0.829
2025-03-13,IBM,1,0.8047
2025-03-13,MSFT,-1,0.7299
2025-03-13,ORCL,-1,0.5402
2025-03-13,TSLA,-1,0.9019
2025-03-14,AAPL,1,0.5208
2025-03-14,AMZN,-1,0.7985
2025-03-14,GOOGL,-1,0.8377
2025-03-14,IBM,1,0.7773
2025-03-14,MSFT,-1,0.7293
2025-03-14,ORCL,-1,0.5542
2025-03-14,TSLA,-1,0.8997
2025-03-17,AAPL,-1,0.5007
2025-03-17,AMZN,-1,0.8306
2025-03-17,GOOGL,-1,0.8552
2025-03-17,IBM,1,0.749
2025-03-17,MSFT,-1,0.7337
2025-03-17,ORCL,-1,0.5646
2025-03-17,TSLA,-1,0.9376
2025-03-18,AAPL,-1,0.5267
2025-03-18,AMZN,-1,0.864
2025-03-18,GOOGL,-1,0.8795
2025-03-18,IBM,1,0.7254
2025-03-18,MSFT,-1,0.7455
2025-03-18,ORCL,-1,0.5861
2025-03-18,TSLA,-1,0.9867
2025-03-19,AAPL,-1,0.5508
2025-03-19,AMZN,-1,0.883
2025-03-19,GOOGL,-1,0.8862
2025-03-19,IBM,1,0.6948
2025-03-19,MSFT,-1,0.7518
2025-03-19,ORCL,-1,0.6033
2025-03-19,TSLA,-1,0.9841
2025-03-20,AAPL,-1,0.5769
2025-03-20,AMZN,-1,0.9024
2025-03-20,GOOGL,-1,0.9
2025-03-20,IBM,1,0.6689
2025-03-20,MSFT,-1,0.7621
2025-03-20,ORCL,-1,0.6176
2025-03-20,TSLA,-1,1.0
2025-03-21,AAPL,-1,0.5987
2025-03-21,AMZN,-1,0.912
2025-03-21,GOOGL,-1,0.9012
2025-03-21,IBM,1,0.64
2025-03-21,MSFT,-1,0.7627
2025-03-21,ORCL,-1,0.6275
2025-03-21,TSLA,-1,0.9851
2025-03-24,AAPL,-1,0.6204
2025-03-24,AMZN,-1,0.9
2025-03-24,GOOGL,-1,0.8937
2025-03-24,IBM,1,0.6116
2025-03-24,MSFT,-1,0.7605
2025-03-24,ORCL,-1,0.6347
2025-03-24,TSLA,-1,0.9351
2025-03-25,AAPL,-1,0.6418
2025-03-25,AMZN,-1,0.8973
2025-03-25,GOOGL,-1,0.8819
2025-03-25,IBM,1,0.5891
2025-03-25,MSFT,-1,0.7545
2025-03-25,ORCL,-1,0.6469
2025-03-25,TSLA,-1,0.9124
2025-03-26,AAPL,-1,0.6609
2025-03-26,AMZN,-1,0.9138
2025-03-26,GOOGL,-1,0.8907
2025-03-26,IBM,1,0.5685
2025-03-26,MSFT,-1,0.7573
2025-03-26,ORCL,-1,0.6713
2025-03-26,TSLA,-1,0.9265
2025-03-27,AAPL,-1,0.6717
2025-03-27,AMZN,-1,0.9143
2025-03-27,GOOGL,-1,0.8907
2025-03-27,IBM,1,0.5492
2025-03-27,MSFT,-1,0.7513
2025-03-27,ORCL,-1,0.686
2025-03-27,TSLA,-1,0.9127
2025-03-28,AAPL,-1,0.6974
2025-03-28,AMZN,-1,0.942
2025-03-28,GOOGL,-1,0.9098
2025-03-28,IBM,1,0.5293
2025-03-28,MSFT,-1,0.7587
2025-03-28,ORCL,-1,0.7082
2025-03-28,TSLA,-1,0.9164
2025-03-31,AAPL,-1,0.7109
2025-03-31,AMZN,-1,0.951
2025-03-31,GOOGL,-1,0.9045
2025-03-31,IBM,1,0.5154
2025-03-31,MSFT,-1,0.7563
2025-03-31,ORCL,-1,0.7223
2025-03-31,TSLA,-1,0.9119
2025-04-01,AAPL,-1,0.7228
2025-04-01,AMZN,-1,0.9442
2025-04-01,GOOGL,-1,0.8955
2025-04-01,IBM,1,0.5007
2025-04-01,MSFT,-1,0.7428
2025-04-01,ORCL,-1,0.7257
2025-04-01,TSLA,-1,0.8794
2025-04-02,AAPL,-1,0.738
2025-04-02,AMZN,-1,0.9336
2025-04-02,GOOGL,-1,0.8948
2025-04-02,IBM,-1,0.5123
2025-04-02,MSFT,-1,0.7434
2025-04-02,ORCL,-1,0.7238
2025-04-02,TSLA,-1,0.8427
2025-04-03,AAPL,-1,0.7958
2025-04-03,AMZN,-1,0.9759
2025-04-03,GOOGL,-1,0.9151
2025-04-03,IBM,-1,0.5278
2025-04-03,MSFT,-1,0.7454
2025-04-03,ORCL,-1,0.7334
2025-04-03,TSLA,-1,0.8432
2025-04-04,AAPL,-1,0.8744
2025-04-04,AMZN,-1,1.0
2025-04-04,GOOGL,-1,0.941
2025-04-04,IBM,-1,0.5709
2025-04-04,MSFT,-1,0.7537
2025-04-04,ORCL,-1,0.7531
2025-04-04,TSLA,-1,0.8674
2025-04-07,AAPL,-1,0.9351
2025-04-07,AMZN,-1,0.9816
2025-04-07,GOOGL,-1,0.9342
2025-04-07,IBM,-1,0.6093
2025-04-07,MSFT,-1,0.7457
2025-04-07,ORCL,-1,0.7544
2025-04-07,TSLA,-1,0.8488
2025-04-08,AAPL,-1,1.0
2025-04-08,AMZN,-1,0.9946
2025-04-08,GOOGL,-1,0.9413
2025-04-08,IBM,-1,0.6445
2025-04-08,MSFT,-1,0.7433
2025-04-08,ORCL,-1,0.7659
2025-04-08,TSLA,-1,0.844
2025-04-09,AAPL,-1,0.9371
2025-04-09,AMZN,-1,0.9279
2025-04-09,GOOGL,-1,0.8935
2025-04-09,IBM,-1,0.6569
2025-04-09,MSFT,-1,0.6994
2025-04-09,ORCL,-1,0.7383
2025-04-09,TSLA,-1,0.758
2025-04-10,AAPL,-1,0.9561
2025-04-10,AMZN,-1,0.9385
2025-04-10,GOOGL,-1,0.8981
2025-04-10,IBM,-1,0.6808
2025-04-10,MSFT,-1,0.6843
2025-04-10,ORCL,-1,0.751
2025-04-10,TSLA,-1,0.7566
2025-04-11,AAPL,-1,0.9378
2025-04-11,AMZN,-1,0.9209
2025-04-11,GOOGL,-1,0.874
2025-04-11,IBM,-1,0.6813
2025-04-11,MSFT,-1,0.6734
2025-04-11,ORCL,-1,0.7542
2025-04-11,TSLA,-1,0.7367
2025-04-14,AAPL,-1,0.9259
2025-04-14,AMZN,-1,0.916
2025-04-14,GOOGL,-1,0.8513
2025-04-14,IBM,-1,0.6874
2025-04-14,MSFT,-1,0.6666
2025-04-14,ORCL,-1,0.7543
2025-04-14,TSLA,-1,0.7122
2025-04-15,AAPL,-1,0.9271
2025-04-15,AMZN,-1,0.9086
2025-04-15,GOOGL,-1,0.8377
2025-04-15,IBM,-1,0.6849
2025-04-15,MSFT,-1,0.6587
2025-04-15,ORCL,-1,0.7569
2025-04-15,TSLA,-1,0.6846
2025-04-16,AAPL,-1,0.9527
2025-04-16,AMZN,-1,0.9129
2025-04-16,GOOGL,-1,0.8285
2025-04-16,IBM,-1,0.6911
2025-04-16,MSFT,-1,0.6649
2025-04-16,ORCL,-1,0.7718
2025-04-16,TSLA,-1,0.6718
2025-04-17,AAPL,-1,0.9508
2025-04-17,AMZN,-1,0.9127
2025-04-17,GOOGL,-1,0.8266
2025-04-17,IBM,-1,0.6858
2025-04-17,MSFT,-1,0.6675
2025-04-17,ORCL,-1,0.7805
2025-04-17,TSLA,-1,0.6516
2025-04-21,AAPL,-1,0.9733
2025-04-21,AMZN,-1,0.9262
2025-04-21,GOOGL,-1,0.8325
2025-04-21,IBM,-1,0.6895
2025-04-21,MSFT,-1,0.6793
2025-04-21,ORCL,-1,0.8029
2025-04-21,TSLA,-1,0.6473
2025-04-22,AAPL,-1,0.9718
2025-04-22,AMZN,-1,0.9224
2025-04-22,GOOGL,-1,0.8284
2025-04-22,IBM,-1,0.6898
2025-04-22,MSFT,-1,0.6829
2025-04-22,ORCL,-1,0.8005
2025-04-22,TSLA,-1,0.6377
2025-04-23,AAPL,-1,0.9744
2025-04-23,AMZN,-1,0.9105
2025-04-23,GOOGL,-1,0.8243
2025-04-23,IBM,-1,0.6894
2025-04-23,MSFT,-1,0.6837
2025-04-23,ORCL,-1,0.794
2025-04-23,TSLA,-1,0.6298
2025-04-24,AAPL,-1,0.9705
2025-04-24,AMZN,-1,0.8924
2025-04-24,GOOGL,-1,0.8098
2025-04-24,IBM,-1,0.7153
2025-04-24,MSFT,-1,0.6727
2025-04-24,ORCL,-1,0.7757
2025-04-24,TSLA,-1,0.6207
2025-04-25,AAPL,-1,0.9733
2025-04-25,AMZN,-1,0.8827
2025-04-25,GOOGL,-1,0.793
2025-04-25,IBM,-1,0.7176
2025-04-25,MSFT,-1,0.665
2025-04-25,ORCL,-1,0.7681
2025-04-25,TSLA,-1,0.6006
2025-04-28,AAPL,-1,0.9649
2025-04-28,AMZN,-1,0.87
2025-04-28,GOOGL,-1,0.7721
2025-04-28,IBM,-1,0.7126
2025-04-28,MSFT,-1,0.6509
2025-04-28,ORCL,-1,0.7536
2025-04-28,TSLA,-1,0.5858
2025-04-29,AAPL,-1,0.9592
2025-04-29,AMZN,-1,0.8532
2025-04-29,GOOGL,-1,0.7507
2025-04-29,IBM,-1,0.7103
2025-04-29,MSFT,-1,0.6324
2025-04-29,ORCL,-1,0.7398
2025-04-29,TSLA,-1,0.5676
2025-04-30,AAPL,-1,0.9536
2025-04-30,AMZN,-1,0.847
2025-04-30,GOOGL,-1,0.7361
2025-04-30,IBM,-1,0.7082
2025-04-30,MSFT,-1,0.6186
2025-04-30,ORCL,-1,0.7273
2025-04-30,TSLA,-1,0.5576
2025-05-01,AAPL,-1,0.9492
2025-05-01,AMZN,-1,0.8254
2025-05-01,GOOGL,-1,0.7129
2025-05-01,IBM,-1,0.7106
2025-05-01,MSFT,-1,0.5843
2025-05-01,ORCL,-1,0.7079
2025-05-01,TSLA,-1,0.5492
2025-05-02,AAPL,-1,0.9412
2025-05-02,AMZN,-1,0.7946
2025-05-02,GOOGL,-1,0.6795
2025-05-02,IBM,-1,0.695
2025-05-02,MSFT,-1,0.5467
2025-05-02,ORCL,-1,0.6814
2025-05-02,TSLA,-1,0.5347
2025-05-05,AAPL,-1,0.9138
2025-05-05,AMZN,-1,0.7651
2025-05-05,GOOGL,-1,0.6449
2025-05-05,IBM,-1,0.6637
2025-05-05,MSFT,-1,0.504
2025-05-05,ORCL,-1,0.6598
2025-05-05,TSLA,-1,0.5168
2025-05-06,AAPL,-1,0.8623
2025-05-06,AMZN,-1,0.74
2025-05-06,GOOGL,-1,0.6138
2025-05-06,IBM,-1,0.6334
2025-05-06,MSFT,1,0.5379
2025-05-06,ORCL,-1,0.637
2025-05-06,TSLA,1,0.502
2025-05-07,AAPL,-1,0.8025
2025-05-07,AMZN,-1,0.7002
2025-05-07,GOOGL,-1,0.5982
2025-05-07,IBM,-1,0.5954
2025-05-07,MSFT,1,0.5803
2025-05-07,ORCL,-1,0.6088
2025-05-07,TSLA,1,0.5213
2025-05-08,AAPL,-1,0.7779
2025-05-08,AMZN,-1,0.6843
2025-05-08,GOOGL,-1,0.5921
2025-05-08,IBM,-1,0.5746
2025-05-08,MSFT,1,0.6005
2025-05-08,ORCL,-1,0.5922
2025-05-08,TSLA,1,0.525
2025-05-09,AAPL,-1,0.7426
2025-05-09,AMZN,-1,0.6609
2025-05-09,GOOGL,-1,0.5838
2025-05-09,IBM,-1,0.552
2025-05-09,MSFT,1,0.6256
2025-05-09,ORCL,-1,0.5739
2025-05-09,TSLA,1,0.5347
2025-05-12,AAPL,-1,0.6942
2025-05-12,AMZN,-1,0.6199
2025-05-12,GOOGL,-1,0.5721
2025-05-12,IBM,-1,0.5316
2025-05-12,MSFT,1,0.648
2025-05-12,ORCL,-1,0.5488
2025-05-12,TSLA,1,0.5469
2025-05-13,AAPL,-1,0.6647
2025-05-13,AMZN,-1,0.5881
2025-05-13,GOOGL,-1,0.5668
2025-05-13,IBM,-1,0.5134
2025-05-13,MSFT,1,0.6716
2025-05-13,ORCL,-1,0.5268
2025-05-13,TSLA,1,0.5599
2025-05-14,AAPL,-1,0.6387
2025-05-14,AMZN,-1,0.5566
2025-05-14,GOOGL,-1,0.549
2025-05-14,IBM,1,0.5032
2025-05-14,MSFT,1,0.6962
2025-05-14,ORCL,-1,0.5069
2025-05-14,TSLA,1,0.5725
2025-05-15,AAPL,-1,0.6029
2025-05-15,AMZN,-1,0.5205
2025-05-15,GOOGL,-1,0.5296
2025-05-15,IBM,1,0.526
2025-05-15,MSFT,1,0.7342
2025-05-15,ORCL,1,0.5161
2025-05-15,TSLA,1,0.5917
2025-05-16,AAPL,-1,0.5706
2025-05-16,AMZN,1,0.5157
2025-05-16,GOOGL,-1,0.5052
2025-05-16,IBM,1,0.5475
2025-05-16,MSFT,1,0.7737
2025-05-16,ORCL,1,0.5371
2025-05-16,TSLA,1,0.6072
2025-05-19,AAPL,-1,0.5335
2025-05-19,AMZN,1,0.5576
2025-05-19,GOOGL,1,0.5246
2025-05-19,IBM,1,0.5773
2025-05-19,MSFT,1,0.8169
2025-05-19,ORCL,1,0.5638
2025-05-19,TSLA,1,0.6295
2025-05-20,AAPL,-1,0.5125
2025-05-20,AMZN,1,0.5899
2025-05-20,GOOGL,1,0.5435
2025-05-20,IBM,1,0.6006
2025-05-20,MSFT,1,0.855
2025-05-20,ORCL,1,0.585
2025-05-20,TSLA,1,0.6425
2025-05-21,AAPL,-1,0.5056
2025-05-21,AMZN,1,0.6135
2025-05-21,GOOGL,1,0.5578
2025-05-21,IBM,1,0.6147
2025-05-21,MSFT,1,0.8907
2025-05-21,ORCL,1,0.6025
2025-05-21,TSLA,1,0.6568
2025-05-22,AAPL,-1,0.5064
2025-05-22,AMZN,1,0.63
2025-05-22,GOOGL,1,0.5705
2025-05-22,IBM,1,0.643
2025-05-22,MSFT,1,0.9134
2025-05-22,ORCL,1,0.6156
2025-05-22,TSLA,1,0.6645
2025-05-23,AAPL,-1,0.5184
2025-05-23,AMZN,1,0.6423
2025-05-23,GOOGL,1,0.5773
2025-05-23,IBM,1,0.6655
2025-05-23,MSFT,1,0.9368
2025-05-23,ORCL,1,0.6275
2025-05-23,TSLA,1,0.669
2025-05-27,AAPL,-1,0.5243
2025-05-27,AMZN,1,0.6563
2025-05-27,GOOGL,1,0.5876
2025-05-27,IBM,1,0.6848
2025-05-27,MSFT,1,0.9523
2025-05-27,ORCL,1,0.6352
2025-05-27,TSLA,1,0.6652
2025-05-28,AAPL,-1,0.5316
2025-05-28,AMZN,1,0.6734
2025-05-28,GOOGL,1,0.5998
2025-05-28,IBM,1,0.7062
2025-05-28,MSFT,1,0.9782
2025-05-28,ORCL,1,0.6476
2025-05-28,TSLA,1,0.672
2025-05-29,AAPL,-1,0.5421
2025-05-29,AMZN,1,0.6914
2025-05-29,GOOGL,1,0.6115
2025-05-29,IBM,1,0.721
2025-05-29,MSFT,1,0.9978
2025-05-29,ORCL,1,0.6609
2025-05-29,TSLA,1,0.6765
2025-05-30,AAPL,-1,0.5512
2025-05-30,AMZN,1,0.7049
2025-05-30,GOOGL,1,0.6213
2025-05-30,IBM,1,0.7387
2025-05-30,MSFT,1,1.0
2025-05-30,ORCL,1,0.6691
2025-05-30,TSLA,1,0.6877
2025-06-02,AAPL,-1,0.5489
2025-06-02,AMZN,1,0.7171
2025-06-02,GOOGL,1,0.6267
2025-06-02,IBM,1,0.7455
2025-06-02,MSFT,1,0.9965
2025-06-02,ORCL,1,0.6754
2025-06-02,TSLA,1,0.6929
2025-06-03,AAPL,-1,0.5338
2025-06-03,AMZN,1,0.7363
2025-06-03,GOOGL,1,0.6303
2025-06-03,IBM,1,0.7529
2025-06-03,MSFT,1,0.9946
2025-06-03,ORCL,1,0.682
2025-06-03,TSLA,1,0.6982
2025-06-04,AAPL,-1,0.5175
2025-06-04,AMZN,1,0.7584
2025-06-04,GOOGL,1,0.6353
2025-06-04,IBM,1,0.7631
2025-06-04,MSFT,1,0.9953
2025-06-04,ORCL,1,0.6939
2025-06-04,TSLA,1,0.7142
2025-06-05,AAPL,1,0.5018
2025-06-05,AMZN,1,0.7786
2025-06-05,GOOGL,1,0.6593
2025-06-05,IBM,1,0.7695
2025-06-05,MSFT,1,0.9948
2025-06-05,ORCL,1,0.7009
2025-06-05,TSLA,1,0.7526
2025-06-06,AAPL,1,0.5207
2025-06-06,AMZN,1,0.7898
2025-06-06,GOOGL,1,0.6753
2025-06-06,IBM,1,0.7757
2025-06-06,MSFT,1,0.9923
2025-06-06,ORCL,1,0.7067
2025-06-06,TSLA,1,0.744
2025-06-09,AAPL,1,0.538
2025-06-09,AMZN,1,0.8047
2025-06-09,GOOGL,1,0.6959
2025-06-09,IBM,1,0.7841
2025-06-09,MSFT,1,0.9909
2025-06-09,ORCL,1,0.7127
2025-06-09,TSLA,1,0.7323
2025-06-10,AAPL,1,0.5347
2025-06-10,AMZN,1,0.8028
2025-06-10,GOOGL,1,0.7067
2025-06-10,IBM,1,0.7885
2025-06-10,MSFT,1,0.9839
2025-06-10,ORCL,1,0.716
2025-06-10,TSLA,1,0.7155
2025-06-11,AAPL,1,0.5284
2025-06-11,AMZN,1,0.8008
2025-06-11,GOOGL,1,0.7196
2025-06-11,IBM,1,0.7917
2025-06-11,MSFT,1,0.9732
2025-06-11,ORCL,1,0.7168
2025-06-11,TSLA,1,0.7066
2025-06-12,AAPL,1,0.5231
2025-06-12,AMZN,1,0.7946
2025-06-12,GOOGL,1,0.7256
2025-06-12,IBM,1,0.8019
2025-06-12,MSFT,1,0.9598
2025-06-12,ORCL,1,0.6996
2025-06-12,TSLA,1,0.6988
2025-06-13,AAPL,1,0.5174
2025-06-13,AMZN,1,0.7967
2025-06-13,GOOGL,1,0.7318
2025-06-13,IBM,1,0.8051
2025-06-13,MSFT,1,0.9542
2025-06-13,ORCL,1,0.7011
2025-06-13,TSLA,1,0.6863
2025-06-16,AAPL,1,0.5014
2025-06-16,AMZN,1,0.7862
2025-06-16,GOOGL,1,0.7295
2025-06-16,IBM,1,0.7993
2025-06-16,MSFT,1,0.9397
2025-06-16,ORCL,1,0.7171
2025-06-16,TSLA,1,0.6727
2025-06-17,AAPL,-1,0.522
2025-06-17,AMZN,1,0.778
2025-06-17,GOOGL,1,0.7271
2025-06-17,IBM,1,0.7903
2025-06-17,MSFT,1,0.9237
2025-06-17,ORCL,1,0.7297
2025-06-17,TSLA,1,0.6651
2025-06-18,AAPL,-1,0.5457
2025-06-18,AMZN,1,0.7737
2025-06-18,GOOGL,1,0.7291
2025-06-18,IBM,1,0.7833
2025-06-18,MSFT,1,0.9057
2025-06-18,ORCL,1,0.7365
2025-06-18,TSLA,1,0.6475
2025-06-20,AAPL,-1,0.5625
2025-06-20,AMZN,1,0.7694
2025-06-20,GOOGL,1,0.7237
2025-06-20,IBM,1,0.7813
2025-06-20,MSFT,1,0.8934
2025-06-20,ORCL,1,0.7523
2025-06-20,TSLA,1,0.6341
2025-06-23,AAPL,-1,0.5638
2025-06-23,AMZN,1,0.7692
2025-06-23,GOOGL,1,0.7144
2025-06-23,IBM,1,0.7812
2025-06-23,MSFT,1,0.8822
2025-06-23,ORCL,1,0.7633
2025-06-23,TSLA,1,0.6185
2025-06-24,AAPL,-1,0.5628
2025-06-24,AMZN,1,0.7628
2025-06-24,GOOGL,1,0.7026
2025-06-24,IBM,1,0.7849
2025-06-24,MSFT,1,0.8767
2025-06-24,ORCL,1,0.7683
2025-06-24,TSLA,1,0.6131
2025-06-25,AAPL,-1,0.5626
2025-06-25,AMZN,1,0.7582
2025-06-25,GOOGL,1,0.6879
2025-06-25,IBM,1,0.7921
2025-06-25,MSFT,1,0.8691
2025-06-25,ORCL,1,0.7842
2025-06-25,TSLA,1,0.6012
2025-06-26,AAPL,-1,0.5612
2025-06-26,AMZN,1,0.7504
2025-06-26,GOOGL,1,0.6789
2025-06-26,IBM,1,0.8002
2025-06-26,MSFT,1,0.863
2025-06-26,ORCL,1,0.7915
2025-06-26,TSLA,1,0.5865
2025-06-27,AAPL,-1,0.5591
2025-06-27,AMZN,1,0.7436
2025-06-27,GOOGL,1,0.6712
2025-06-27,IBM,1,0.8124
2025-06-27,MSFT,1,0.86
2025-06-27,ORCL,1,0.8048
2025-06-27,TSLA,1,0.5712
2025-06-30,AAPL,-1,0.5582
2025-06-30,AMZN,1,0.7439
2025-06-30,GOOGL,1,0.6676
2025-06-30,IBM,1,0.8184
2025-06-30,MSFT,1,0.8512
2025-06-30,ORCL,1,0.8029
2025-06-30,TSLA,1,0.5572
2025-07-01,AAPL,-1,0.5551
2025-07-01,AMZN,1,0.7369
2025-07-01,GOOGL,1,0.6641
2025-07-01,IBM,1,0.8276
2025-07-01,MSFT,1,0.8435
2025-07-01,ORCL,1,0.8115
2025-07-01,TSLA,1,0.5425
2025-07-02,AAPL,-1,0.5521
2025-07-02,AMZN,1,0.7301
2025-07-02,GOOGL,1,0.6618
2025-07-02,IBM,1,0.8328
2025-07-02,MSFT,1,0.8297
2025-07-02,ORCL,1,0.806
2025-07-02,TSLA,1,0.5239
2025-07-03,AAPL,-1,0.545
2025-07-03,AMZN,1,0.7223
2025-07-03,GOOGL,1,0.6615
2025-07-03,IBM,1,0.8327
2025-07-03,MSFT,1,0.8142
2025-07-03,ORCL,1,0.8095
2025-07-03,TSLA,1,0.5115
2025-07-07,AAPL,-1,0.5362
2025-07-07,AMZN,1,0.7205
2025-07-07,GOOGL,1,0.6642
2025-07-07,IBM,1,0.8378
2025-07-07,MSFT,1,0.8037
2025-07-07,ORCL,1,0.8271
2025-07-07,TSLA,1,0.5101
2025-07-08,AAPL,-1,0.529
2025-07-08,AMZN,1,0.7167
2025-07-08,GOOGL,1,0.6596
2025-07-08,IBM,1,0.837
2025-07-08,MSFT,1,0.7942
2025-07-08,ORCL,1,0.8353
2025-07-08,TSLA,1,0.5065
2025-07-09,AAPL,-1,0.517
2025-07-09,AMZN,1,0.7051
2025-07-09,GOOGL,1,0.6506
2025-07-09,IBM,1,0.8321
2025-07-09,MSFT,1,0.7821
2025-07-09,ORCL,1,0.8436
2025-07-09,TSLA,1,0.5018
2025-07-10,AAPL,-1,0.5052
2025-07-10,AMZN,1,0.6955
2025-07-10,GOOGL,1,0.6396
2025-07-10,IBM,1,0.826
2025-07-10,MSFT,1,0.7754
2025-07-10,ORCL,1,0.8543
2025-07-10,TSLA,-1,0.5051
2025-07-11,AAPL,1,0.5113
2025-07-11,AMZN,1,0.6896
2025-07-11,GOOGL,1,0.6309
2025-07-11,IBM,1,0.8152
2025-07-11,MSFT,1,0.7669
2025-07-11,ORCL,1,0.8709
2025-07-11,TSLA,-1,0.5107
2025-07-14,AAPL,1,0.5263
2025-07-14,AMZN,1,0.6848
2025-07-14,GOOGL,1,0.6258
2025-07-14,IBM,1,0.8013
2025-07-14,MSFT,1,0.7561
2025-07-14,ORCL,1,0.87
2025-07-14,TSLA,-1,0.5148
2025-07-15,AAPL,1,0.5456
2025-07-15,AMZN,1,0.684
2025-07-15,GOOGL,1,0.6242
2025-07-15,IBM,1,0.7908
2025-07-15,MSFT,1,0.7538
2025-07-15,ORCL,1,0.8529
2025-07-15,TSLA,-1,0.5221
2025-07-16,AAPL,1,0.5585
2025-07-16,AMZN,1,0.68
2025-07-16,GOOGL,1,0.6217
2025-07-16,IBM,1,0.7773
2025-07-16,MSFT,1,0.7528
2025-07-16,ORCL,1,0.8407
2025-07-16,TSLA,-1,0.5268
2025-07-17,AAPL,1,0.5718
2025-07-17,AMZN,1,0.673
2025-07-17,GOOGL,1,0.621
2025-07-17,IBM,1,0.7633
2025-07-17,MSFT,1,0.7515
2025-07-17,ORCL,1,0.8311
2025-07-17,TSLA,-1,0.5302
2025-07-18,AAPL,1,0.5841
2025-07-18,AMZN,1,0.6683
2025-07-18,GOOGL,1,0.6237
2025-07-18,IBM,1,0.7479
2025-07-18,MSFT,1,0.7517
2025-07-18,ORCL,1,0.8334
2025-07-18,TSLA,-1,0.5328
2025-07-21,AAPL,1,0.5902
2025-07-21,AMZN,1,0.6695
2025-07-21,GOOGL,1,0.6299
2025-07-21,IBM,1,0.74
2025-07-21,MSFT,1,0.7526
2025-07-21,ORCL,1,0.8366
2025-07-21,TSLA,-1,0.5365
2025-07-22,AAPL,1,0.5974
2025-07-22,AMZN,1,0.676
2025-07-22,GOOGL,1,0.6425
2025-07-22,IBM,1,0.7244
2025-07-22,MSFT,1,0.7505
2025-07-22,ORCL,1,0.8423
2025-07-22,TSLA,-1,0.5449
2025-07-23,AAPL,1,0.6074
2025-07-23,AMZN,1,0.6768
2025-07-23,GOOGL,1,0.6534
2025-07-23,IBM,1,0.7009
2025-07-23,MSFT,1,0.7438
2025-07-23,ORCL,1,0.8321
2025-07-23,TSLA,-1,0.5502
2025-07-24,AAPL,1,0.6223
2025-07-24,AMZN,1,0.685
2025-07-24,GOOGL,1,0.6613
2025-07-24,IBM,1,0.6835
2025-07-24,MSFT,1,0.7378
2025-07-24,ORCL,1,0.8299
2025-07-24,TSLA,-1,0.5593
2025-07-25,AAPL,1,0.6388
2025-07-25,AMZN,1,0.6921
2025-07-25,GOOGL,1,0.6677
2025-07-25,IBM,1,0.6506
2025-07-25,MSFT,1,0.731
2025-07-25,ORCL,1,0.8266
2025-07-25,TSLA,-1,0.5579
2025-07-28,AAPL,1,0.655
2025-07-28,AMZN,1,0.6915
2025-07-28,GOOGL,1,0.6719
2025-07-28,IBM,1,0.6197
2025-07-28,MSFT,1,0.7274
2025-07-28,ORCL,1,0.8251
2025-07-28,TSLA,-1,0.5535
2025-07-29,AAPL,1,0.6654
2025-07-29,AMZN,1,0.6943
2025-07-29,GOOGL,1,0.677
2025-07-29,IBM,1,0.5889
2025-07-29,MSFT,1,0.7225
2025-07-29,ORCL,1,0.8199
2025-07-29,TSLA,-1,0.5511
2025-07-30,AAPL,1,0.67
2025-07-30,AMZN,1,0.6949
2025-07-30,GOOGL,1,0.6861
2025-07-30,IBM,1,0.5607
2025-07-30,MSFT,1,0.7209
2025-07-30,ORCL,1,0.8171
2025-07-30,TSLA,-1,0.5435
2025-07-31,AAPL,1,0.6652
2025-07-31,AMZN,1,0.6947
2025-07-31,GOOGL,1,0.6943
2025-07-31,IBM,1,0.5326
2025-07-31,MSFT,1,0.7192
2025-07-31,ORCL,1,0.8067
2025-07-31,TSLA,-1,0.5434
2025-08-01,AAPL,1,0.6563
2025-08-01,AMZN,1,0.6978
2025-08-01,GOOGL,1,0.6965
2025-08-01,IBM,-1,0.5044
2025-08-01,MSFT,1,0.7226
2025-08-01,ORCL,1,0.8054
2025-08-01,TSLA,-1,0.5432
2025-08-04,AAPL,1,0.6456
2025-08-04,AMZN,1,0.6826
2025-08-04,GOOGL,1,0.6994
2025-08-04,IBM,-1,0.5434
2025-08-04,MSFT,1,0.7203
2025-08-04,ORCL,1,0.7871
2025-08-04,TSLA,-1,0.5355
2025-08-05,AAPL,1,0.6351
2025-08-05,AMZN,1,0.6697
2025-08-05,GOOGL,1,0.7123
2025-08-05,IBM,-1,0.5825
2025-08-05,MSFT,1,0.7246
2025-08-05,ORCL,1,0.7751
2025-08-05,TSLA,-1,0.5292
2025-08-06,AAPL,1,0.6218
2025-08-06,AMZN,1,0.6538
2025-08-06,GOOGL,1,0.7205
2025-08-06,IBM,-1,0.6192
2025-08-06,MSFT,1,0.7212
2025-08-06,ORCL,1,0.7652
2025-08-06,TSLA,-1,0.5201
2025-08-07,AAPL,1,0.6176
2025-08-07,AMZN,1,0.6468
2025-08-07,GOOGL,1,0.731
2025-08-07,IBM,-1,0.6543
2025-08-07,MSFT,1,0.7204
2025-08-07,ORCL,1,0.7625
2025-08-07,TSLA,-1,0.5126
2025-08-08,AAPL,1,0.6211
2025-08-08,AMZN,1,0.6368
2025-08-08,GOOGL,1,0.7362
2025-08-08,IBM,-1,0.6944
2025-08-08,MSFT,1,0.716
2025-08-08,ORCL,1,0.7545
2025-08-08,TSLA,-1,0.5056
2025-08-11,AAPL,1,0.6319
2025-08-11,AMZN,1,0.6262
2025-08-11,GOOGL,1,0.7454
2025-08-11,IBM,-1,0.7413
2025-08-11,MSFT,1,0.7126
2025-08-11,ORCL,1,0.7457
2025-08-11,TSLA,1,0.5018
2025-08-12,AAPL,1,0.6418
2025-08-12,AMZN,1,0.6137
2025-08-12,GOOGL,1,0.7523
2025-08-12,IBM,-1,0.7848
2025-08-12,MSFT,1,0.7073
2025-08-12,ORCL,1,0.7366
2025-08-12,TSLA,1,0.5096
2025-08-13,AAPL,1,0.6526
2025-08-13,AMZN,1,0.6059
2025-08-13,GOOGL,1,0.7605
2025-08-13,IBM,-1,0.8131
2025-08-13,MSFT,1,0.7061
2025-08-13,ORCL,1,0.7319
2025-08-13,TSLA,1,0.5142
2025-08-14,AAPL,1,0.6665
2025-08-14,AMZN,1,0.5999
2025-08-14,GOOGL,1,0.7644
2025-08-14,IBM,-1,0.8534
2025-08-14,MSFT,1,0.6983
2025-08-14,ORCL,1,0.7141
2025-08-14,TSLA,1,0.5192
2025-08-15,AAPL,1,0.6785
2025-08-15,AMZN,1,0.5951
2025-08-15,GOOGL,1,0.7681
2025-08-15,IBM,-1,0.888
2025-08-15,MSFT,1,0.6924
2025-08-15,ORCL,1,0.6969
2025-08-15,TSLA,1,0.5198
2025-08-18,AAPL,1,0.6869
2025-08-18,AMZN,1,0.5874
2025-08-18,GOOGL,1,0.7678
2025-08-18,IBM,-1,0.9252
2025-08-18,MSFT,1,0.6865
2025-08-18,ORCL,1,0.6836
2025-08-18,TSLA,1,0.5163
2025-08-19,AAPL,1,0.6942
2025-08-19,AMZN,1,0.5832
2025-08-19,GOOGL,1,0.7692
2025-08-19,IBM,-1,0.9533
2025-08-19,MSFT,1,0.6829
2025-08-19,ORCL,1,0.6805
2025-08-19,TSLA,1,0.5124
2025-08-20,AAPL,1,0.7009
2025-08-20,AMZN,1,0.5771
2025-08-20,GOOGL,1,0.772
2025-08-20,IBM,-1,0.98
2025-08-20,MSFT,1,0.6768
2025-08-20,ORCL,1,0.6645
2025-08-20,TSLA,1,0.5089
2025-08-21,AAPL,1,0.7049
2025-08-21,AMZN,1,0.5647
2025-08-21,GOOGL,1,0.7704
2025-08-21,IBM,-1,0.9923
2025-08-21,MSFT,1,0.6661
2025-08-21,ORCL,1,0.6491
2025-08-21,TSLA,1,0.5134
2025-08-22,AAPL,1,0.7053
2025-08-22,AMZN,1,0.5535
2025-08-22,GOOGL,1,0.7636
2025-08-22,IBM,-1,0.9878
2025-08-22,MSFT,1,0.654
2025-08-22,ORCL,1,0.6302
2025-08-22,TSLA,1,0.5171
2025-08-25,AAPL,1,0.7085
2025-08-25,AMZN,1,0.5424
2025-08-25,GOOGL,1,0.7637
2025-08-25,IBM,-1,1.0
2025-08-25,MSFT,1,0.6448
2025-08-25,ORCL,1,0.6169
2025-08-25,TSLA,1,0.5191
2025-08-26,AAPL,1,0.7128
2025-08-26,AMZN,1,0.5329
2025-08-26,GOOGL,1,0.7636
2025-08-26,IBM,-1,0.9988
2025-08-26,MSFT,1,0.6336
2025-08-26,ORCL,1,0.6052
2025-08-26,TSLA,1,0.5235
2025-08-27,AAPL,1,0.7225
2025-08-27,AMZN,1,0.5263
2025-08-27,GOOGL,1,0.7617
2025-08-27,IBM,-1,0.9939
2025-08-27,MSFT,1,0.6228
2025-08-27,ORCL,1,0.5917
2025-08-27,TSLA,1,0.5289
2025-08-28,AAPL,1,0.7332
2025-08-28,AMZN,1,0.5165
2025-08-28,GOOGL,1,0.7625
2025-08-28,IBM,-1,0.983
2025-08-28,MSFT,1,0.602
2025-08-28,ORCL,1,0.5766
2025-08-28,TSLA,1,0.5354
2025-08-29,AAPL,1,0.7528
2025-08-29,AMZN,1,0.5247
2025-08-29,GOOGL,1,0.7695
2025-08-29,IBM,-1,0.9762
2025-08-29,MSFT,1,0.5871
2025-08-29,ORCL,1,0.5681
2025-08-29,TSLA,1,0.5432
2025-09-02,AAPL,1,0.7741
2025-09-02,AMZN,1,0.533
2025-09-02,GOOGL,1,0.7697
2025-09-02,IBM,-1,0.9733
2025-09-02,MSFT,1,0.5643
2025-09-02,ORCL,1,0.5492
2025-09-02,TSLA,1,0.548
2025-09-03,AAPL,1,0.789
2025-09-03,AMZN,1,0.5384
2025-09-03,GOOGL,1,0.7569
2025-09-03,IBM,-1,0.9547
2025-09-03,MSFT,1,0.5475
2025-09-03,ORCL,1,0.5284
2025-09-03,TSLA,1,0.555
2025-09-04,AAPL,1,0.8003
2025-09-04,AMZN,1,0.5411
2025-09-04,GOOGL,1,0.7649
2025-09-04,IBM,-1,0.9335
2025-09-04,MSFT,1,0.5341
2025-09-04,ORCL,1,0.5084
2025-09-04,TSLA,1,0.559
2025-09-05,AAPL,1,0.8058
2025-09-05,AMZN,1,0.5428
2025-09-05,GOOGL,1,0.7743
2025-09-05,IBM,-1,0.9138
2025-09-05,MSFT,1,0.5198
2025-09-05,ORCL,-1,0.5053
2025-09-05,TSLA,1,0.5614
2025-09-08,AAPL,1,0.8009
2025-09-08,AMZN,1,0.5479
2025-09-08,GOOGL,1,0.7835
2025-09-08,IBM,-1,0.8731
2025-09-08,MSFT,1,0.5061
2025-09-08,ORCL,-1,0.5164
2025-09-08,TSLA,1,0.5642
2025-09-09,AAPL,1,0.7979
2025-09-09,AMZN,1,0.5585
2025-09-09,GOOGL,1,0.7906
2025-09-09,IBM,-1,0.8336
2025-09-09,MSFT,-1,0.5075
2025-09-09,ORCL,-1,0.5283
2025-09-09,TSLA,1,0.5638
2025-09-10,AAPL,1,0.7933
2025-09-10,AMZN,1,0.5652
2025-09-10,GOOGL,1,0.8014
2025-09-10,IBM,-1,0.7987
2025-09-10,MSFT,-1,0.5243
2025-09-10,ORCL,-1,0.5095
2025-09-10,TSLA,1,0.5625
2025-09-11,AAPL,1,0.774
2025-09-11,AMZN,1,0.5669
2025-09-11,GOOGL,1,0.812
2025-09-11,IBM,-1,0.7677
2025-09-11,MSFT,-1,0.5371
2025-09-11,ORCL,1,0.5009
2025-09-11,TSLA,1,0.5594
2025-09-12,AAPL,1,0.7602
2025-09-12,AMZN,1,0.561
2025-09-12,GOOGL,1,0.8239
2025-09-12,IBM,-1,0.7408
2025-09-12,MSFT,-1,0.5474
2025-09-12,ORCL,1,0.5102
2025-09-12,TSLA,1,0.5612
2025-09-15,AAPL,1,0.7522
2025-09-15,AMZN,1,0.5573
2025-09-15,GOOGL,1,0.8273
2025-09-15,IBM,-1,0.7069
2025-09-15,MSFT,-1,0.5529
2025-09-15,ORCL,1,0.521
2025-09-15,TSLA,1,0.5674
2025-09-16,AAPL,1,0.7457
2025-09-16,AMZN,1,0.5549
2025-09-16,GOOGL,1,0.8443
2025-09-16,IBM,-1,0.6736
2025-09-16,MSFT,-1,0.5603
2025-09-16,ORCL,1,0.5317
2025-09-16,TSLA,1,0.5724
2025-09-17,AAPL,1,0.741
2025-09-17,AMZN,1,0.5541
2025-09-17,GOOGL,1,0.863
2025-09-17,IBM,-1,0.6422
2025-09-17,MSFT,-1,0.5628
2025-09-17,ORCL,1,0.5483
2025-09-17,TSLA,1,0.5804
2025-09-18,AAPL,1,0.7434
2025-09-18,AMZN,1,0.5583
2025-09-18,GOOGL,1,0.88
2025-09-18,IBM,-1,0.6072
2025-09-18,MSFT,-1,0.5623
2025-09-18,ORCL,1,0.5643
2025-09-18,TSLA,1,0.591
2025-09-19,AAPL,1,0.7443
2025-09-19,AMZN,1,0.5643
2025-09-19,GOOGL,1,0.8978
2025-09-19,IBM,-1,0.5721
2025-09-19,MSFT,-1,0.5574
2025-09-19,ORCL,1,0.5799
2025-09-19,TSLA,1,0.6005
2025-09-22,AAPL,1,0.7456
2025-09-22,AMZN,1,0.563
2025-09-22,GOOGL,1,0.9172
2025-09-22,IBM,-1,0.538
2025-09-22,MSFT,-1,0.5565
2025-09-22,ORCL,1,0.5948
2025-09-22,TSLA,1,0.6073
2025-09-23,AAPL,1,0.7571
2025-09-23,AMZN,1,0.5593
2025-09-23,GOOGL,1,0.9325
2025-09-23,IBM,-1,0.502
2025-09-23,MSFT,-1,0.5558
2025-09-23,ORCL,1,0.6164
2025-09-23,TSLA,1,0.6162
2025-09-24,AAPL,1,0.7656
2025-09-24,AMZN,1,0.5529
2025-09-24,GOOGL,1,0.9534
2025-09-24,IBM,1,0.528
2025-09-24,MSFT,-1,0.5524
2025-09-24,ORCL,1,0.6361
2025-09-24,TSLA,1,0.6189
2025-09-25,AAPL,1,0.7693
2025-09-25,AMZN,1,0.5435
2025-09-25,GOOGL,1,0.9683
2025-09-25,IBM,1,0.5606
2025-09-25,MSFT,-1,0.553
2025-09-25,ORCL,1,0.659
2025-09-25,TSLA,1,0.6308
2025-09-26,AAPL,1,0.7759
2025-09-26,AMZN,1,0.5321
2025-09-26,GOOGL,1,0.976
2025-09-26,IBM,1,0.5945
2025-09-26,MSFT,-1,0.5517
2025-09-26,ORCL,1,0.6759
2025-09-26,TSLA,1,0.6343
2025-09-29,AAPL,1,0.7825
2025-09-29,AMZN,1,0.5261
2025-09-29,GOOGL,1,0.9881
2025-09-29,IBM,1,0.6322
2025-09-29,MSFT,-1,0.5482
2025-09-29,ORCL,1,0.6943
2025-09-29,TSLA,1,0.6453
2025-09-30,AAPL,1,0.7912
2025-09-30,AMZN,1,0.5244
2025-09-30,GOOGL,1,1.0
2025-09-30,IBM,1,0.6696
2025-09-30,MSFT,-1,0.5427
2025-09-30,ORCL,1,0.7131
2025-09-30,TSLA,1,0.6575
2025-10-01,AAPL,1,0.7907
2025-10-01,AMZN,1,0.5214
2025-10-01,GOOGL,1,0.9897
2025-10-01,IBM,1,0.704
2025-10-01,MSFT,-1,0.5381
2025-10-01,ORCL,1,0.7264
2025-10-01,TSLA,1,0.6657
2025-10-02,AAPL,1,0.7889
2025-10-02,AMZN,1,0.5095
2025-10-02,GOOGL,1,0.9801
2025-10-02,IBM,1,0.7381
2025-10-02,MSFT,-1,0.5364
2025-10-02,ORCL,1,0.7464
2025-10-02,TSLA,1,0.6852
2025-10-03,AAPL,1,0.7885
2025-10-03,AMZN,1,0.5012
2025-10-03,GOOGL,1,0.9707
2025-10-03,IBM,1,0.7626
2025-10-03,MSFT,-1,0.5256
2025-10-03,ORCL,1,0.764
2025-10-03,TSLA,1,0.6934
2025-10-06,AAPL,1,0.7918
2025-10-06,AMZN,-1,0.5105
2025-10-06,GOOGL,1,0.9552
2025-10-06,IBM,1,0.7807
2025-10-06,MSFT,-1,0.5121
2025-10-06,ORCL,1,0.7735
2025-10-06,TSLA,1,0.6929
2025-10-07,AAPL,1,0.7976
2025-10-07,AMZN,-1,0.5235
2025-10-07,GOOGL,1,0.9497
2025-10-07,IBM,1,0.7962
2025-10-07,MSFT,-1,0.5009
2025-10-07,ORCL,1,0.7926
2025-10-07,TSLA,1,0.71
2025-10-08,AAPL,1,0.8095
2025-10-08,AMZN,-1,0.5261
2025-10-08,GOOGL,1,0.9385
2025-10-08,IBM,1,0.82
2025-10-08,MSFT,1,0.5095
2025-10-08,ORCL,1,0.7649
2025-10-08,TSLA,1,0.7155
2025-10-09,AAPL,1,0.821
2025-10-09,AMZN,-1,0.5271
2025-10-09,GOOGL,1,0.9281
2025-10-09,IBM,1,0.8392
2025-10-09,MSFT,1,0.519
2025-10-09,ORCL,1,0.7451
2025-10-09,TSLA,1,0.7209
2025-10-10,AAPL,1,0.8279
2025-10-10,AMZN,-1,0.5337
2025-10-10,GOOGL,1,0.9156
2025-10-10,IBM,1,0.8652
2025-10-10,MSFT,1,0.5249
2025-10-10,ORCL,1,0.7424
2025-10-10,TSLA,1,0.7278
2025-10-13,AAPL,1,0.8164
2025-10-13,AMZN,-1,0.5478
2025-10-13,GOOGL,1,0.875
2025-10-13,IBM,1,0.875
2025-10-13,MSFT,1,0.526
2025-10-13,ORCL,1,0.7229
2025-10-13,TSLA,1,0.7109
2025-10-14,AAPL,1,0.8068
2025-10-14,AMZN,-1,0.5703
2025-10-14,GOOGL,1,0.8489
2025-10-14,IBM,1,0.8845
2025-10-14,MSFT,1,0.5333
2025-10-14,ORCL,1,0.7191
2025-10-14,TSLA,1,0.7065
2025-10-15,AAPL,1,0.7954
2025-10-15,AMZN,-1,0.5892
2025-10-15,GOOGL,1,0.8219
2025-10-15,IBM,1,0.8867
2025-10-15,MSFT,1,0.5382
2025-10-15,ORCL,1,0.7091
2025-10-15,TSLA,1,0.6959
2025-10-16,AAPL,1,0.7928
2025-10-16,AMZN,-1,0.6048
2025-10-16,GOOGL,1,0.8006
2025-10-16,IBM,1,0.8941
2025-10-16,MSFT,1,0.5429
2025-10-16,ORCL,1,0.7005
2025-10-16,TSLA,1,0.6928
2025-10-17,AAPL,1,0.7802
2025-10-17,AMZN,-1,0.6217
2025-10-17,GOOGL,1,0.7766
2025-10-17,IBM,1,0.8884
2025-10-17,MSFT,1,0.5417
2025-10-17,ORCL,1,0.7014
2025-10-17,TSLA,1,0.6818
2025-10-20,AAPL,1,0.7619
2025-10-20,AMZN,-1,0.6294
2025-10-20,GOOGL,1,0.7569
2025-10-20,IBM,1,0.8811
2025-10-20,MSFT,1,0.5437
2025-10-20,ORCL,1,0.6846
2025-10-20,TSLA,1,0.6723
2025-10-21,AAPL,1,0.755
2025-10-21,AMZN,-1,0.625
2025-10-21,GOOGL,1,0.7439
2025-10-21,IBM,1,0.8753
2025-10-21,MSFT,1,0.549
2025-10-21,ORCL,1,0.6651
2025-10-21,TSLA,1,0.6696
2025-10-22,AAPL,1,0.7533
2025-10-22,AMZN,-1,0.6283
2025-10-22,GOOGL,1,0.7292
2025-10-22,IBM,1,0.8671
2025-10-22,MSFT,1,0.5561
2025-10-22,ORCL,1,0.6474
2025-10-22,TSLA,1,0.663
2025-10-23,AAPL,1,0.7437
2025-10-23,AMZN,-1,0.6218
2025-10-23,GOOGL,1,0.716
2025-10-23,IBM,1,0.8569
2025-10-23,MSFT,1,0.5633
2025-10-23,ORCL,1,0.6325
2025-10-23,TSLA,1,0.656
2025-10-24,AAPL,1,0.7356
2025-10-24,AMZN,-1,0.6125
2025-10-24,GOOGL,1,0.702
2025-10-24,IBM,1,0.8265
2025-10-24,MSFT,1,0.5691
2025-10-24,ORCL,1,0.6245
2025-10-24,TSLA,1,0.6528
2025-10-27,AAPL,1,0.7298
2025-10-27,AMZN,-1,0.6043
2025-10-27,GOOGL,1,0.6941
2025-10-27,IBM,1,0.824
2025-10-27,MSFT,1,0.5746
2025-10-27,ORCL,1,0.6192
2025-10-27,TSLA,1,0.6393
2025-10-28,AAPL,1,0.7288
2025-10-28,AMZN,-1,0.5923
2025-10-28,GOOGL,1,0.6943
2025-10-28,IBM,1,0.8255
2025-10-28,MSFT,1,0.5804
2025-10-28,ORCL,1,0.6138
2025-10-28,TSLA,1,0.6307
2025-10-29,AAPL,1,0.7267
2025-10-29,AMZN,-1,0.5827
2025-10-29,GOOGL,1,0.6896
2025-10-29,IBM,1,0.8258
2025-10-29,MSFT,1,0.5851
2025-10-29,ORCL,1,0.603
2025-10-29,TSLA,1,0.6214
2025-10-30,AAPL,1,0.7212
2025-10-30,AMZN,-1,0.5846
2025-10-30,GOOGL,1,0.6873
2025-10-30,IBM,1,0.8207
2025-10-30,MSFT,1,0.5885
2025-10-30,ORCL,1,0.5913
2025-10-30,TSLA,1,0.6194
2025-10-31,AAPL,1,0.7159
2025-10-31,AMZN,-1,0.5617
2025-10-31,GOOGL,1,0.6901
2025-10-31,IBM,1,0.8164
2025-10-31,MSFT,1,0.5872
2025-10-31,ORCL,1,0.5731
2025-10-31,TSLA,1,0.6101
2025-11-03,AAPL,1,0.7126
2025-11-03,AMZN,-1,0.5376
2025-11-03,GOOGL,1,0.6901
2025-11-03,IBM,1,0.8106
2025-11-03,MSFT,1,0.5788
2025-11-03,ORCL,1,0.5546
2025-11-03,TSLA,1,0.601
2025-11-04,AAPL,1,0.708
2025-11-04,AMZN,-1,0.5201
2025-11-04,GOOGL,1,0.6977
2025-11-04,IBM,1,0.7991
2025-11-04,MSFT,1,0.5716
2025-11-04,ORCL,1,0.5367
2025-11-04,TSLA,1,0.6013
2025-11-05,AAPL,1,0.7034
2025-11-05,AMZN,-1,0.5043
2025-11-05,GOOGL,1,0.7001
2025-11-05,IBM,1,0.7861
2025-11-05,MSFT,1,0.5615
2025-11-05,ORCL,1,0.5148
2025-11-05,TSLA,1,0.5937
2025-11-06,AAPL,1,0.7037
2025-11-06,AMZN,1,0.5052
2025-11-06,GOOGL,1,0.7096
2025-11-06,IBM,1,0.7785
2025-11-06,MSFT,1,0.5505
2025-11-06,ORCL,-1,0.513
2025-11-06,TSLA,1,0.5919
2025-11-07,AAPL,1,0.7141
2025-11-07,AMZN,1,0.5276
2025-11-07,GOOGL,1,0.7266
2025-11-07,IBM,1,0.7877
2025-11-07,MSFT,1,0.5453
2025-11-07,ORCL,-1,0.5405
2025-11-07,TSLA,1,0.5921
2025-11-10,AAPL,1,0.7205
2025-11-10,AMZN,1,0.547
2025-11-10,GOOGL,1,0.7296
2025-11-10,IBM,1,0.7893
2025-11-10,MSFT,1,0.5401
2025-11-10,ORCL,-1,0.5772
2025-11-10,TSLA,1,0.5824
2025-11-11,AAPL,1,0.7256
2025-11-11,AMZN,1,0.5692
2025-11-11,GOOGL,1,0.7395
2025-11-11,IBM,1,0.7933
2025-11-11,MSFT,1,0.5364
2025-11-11,ORCL,-1,0.6135
2025-11-11,TSLA,1,0.5771
2025-11-12,AAPL,1,0.7377
2025-11-12,AMZN,1,0.5915
2025-11-12,GOOGL,1,0.7539
2025-11-12,IBM,1,0.7979
2025-11-12,MSFT,1,0.5336
2025-11-12,ORCL,-1,0.66
2025-11-12,TSLA,1,0.5705
2025-11-13,AAPL,1,0.7511
2025-11-13,AMZN,1,0.6166
2025-11-13,GOOGL,1,0.7683
2025-11-13,IBM,1,0.8137
2025-11-13,MSFT,1,0.5305
2025-11-13,ORCL,-1,0.7192
2025-11-13,TSLA,1,0.5649
2025-11-14,AAPL,1,0.7591
2025-11-14,AMZN,1,0.6391
2025-11-14,GOOGL,1,0.7757
2025-11-14,IBM,1,0.8151
2025-11-14,MSFT,1,0.5248
2025-11-14,ORCL,-1,0.7493
2025-11-14,TSLA,1,0.5531
2025-11-17,AAPL,1,0.757
2025-11-17,AMZN,1,0.6583
2025-11-17,GOOGL,1,0.7739
2025-11-17,IBM,1,0.8224
2025-11-17,MSFT,1,0.5176
2025-11-17,ORCL,-1,0.7804
2025-11-17,TSLA,1,0.5397
2025-11-18,AAPL,1,0.7481
2025-11-18,AMZN,1,0.673
2025-11-18,GOOGL,1,0.7874
2025-11-18,IBM,1,0.8273
2025-11-18,MSFT,1,0.5054
2025-11-18,ORCL,-1,0.8052
2025-11-18,TSLA,1,0.5276
2025-11-19,AAPL,1,0.7403
2025-11-19,AMZN,1,0.6812
2025-11-19,GOOGL,1,0.7944
2025-11-19,IBM,1,0.8191
2025-11-19,MSFT,-1,0.511
2025-11-19,ORCL,-1,0.8018
2025-11-19,TSLA,1,0.5157
2025-11-20,AAPL,1,0.7342
2025-11-20,AMZN,1,0.6872
2025-11-20,GOOGL,1,0.8111
2025-11-20,IBM,1,0.8106
2025-11-20,MSFT,-1,0.5305
2025-11-20,ORCL,-1,0.8408
2025-11-20,TSLA,1,0.5027
2025-11-21,AAPL,1,0.7232
2025-11-21,AMZN,1,0.6836
2025-11-21,GOOGL,1,0.8128
2025-11-21,IBM,1,0.7796
2025-11-21,MSFT,-1,0.5525
2025-11-21,ORCL,-1,0.8903
2025-11-21,TSLA,-1,0.5058
2025-11-24,AAPL,1,0.711
2025-11-24,AMZN,1,0.6805
2025-11-24,GOOGL,1,0.8104
2025-11-24,IBM,1,0.7499
2025-11-24,MSFT,-1,0.5766
2025-11-24,ORCL,-1,0.912
2025-11-24,TSLA,-1,0.5128
2025-11-25,AAPL,1,0.7026
2025-11-25,AMZN,1,0.6801
2025-11-25,GOOGL,1,0.8249
2025-11-25,IBM,1,0.7271
2025-11-25,MSFT,-1,0.6069
2025-11-25,ORCL,-1,0.9436
2025-11-25,TSLA,-1,0.5207
2025-11-26,AAPL,1,0.6946
2025-11-26,AMZN,1,0.6803
2025-11-26,GOOGL,1,0.8408
2025-11-26,IBM,1,0.7092
2025-11-26,MSFT,-1,0.6318
2025-11-26,ORCL,-1,0.9454
2025-11-26,TSLA,-1,0.5271
2025-11-28,AAPL,1,0.6847
2025-11-28,AMZN,1,0.687
2025-11-28,GOOGL,1,0.8487
2025-11-28,IBM,1,0.6902
2025-11-28,MSFT,-1,0.6455
2025-11-28,ORCL,-1,0.9625
2025-11-28,TSLA,-1,0.5298
2025-12-01,AAPL,1,0.6798
2025-12-01,AMZN,1,0.6749
2025-12-01,GOOGL,1,0.8615
2025-12-01,IBM,1,0.6778
2025-12-01,MSFT,-1,0.6576
2025-12-01,ORCL,-1,0.9762
2025-12-01,TSLA,-1,0.5351
2025-12-02,AAPL,1,0.6831
2025-12-02,AMZN,1,0.6517
2025-12-02,GOOGL,1,0.8654
2025-12-02,IBM,1,0.6677
2025-12-02,MSFT,-1,0.6663
2025-12-02,ORCL,-1,0.9795
2025-12-02,TSLA,-1,0.5423
2025-12-03,AAPL,1,0.6868
2025-12-03,AMZN,1,0.6308
2025-12-03,GOOGL,1,0.8717
2025-12-03,IBM,1,0.659
2025-12-03,MSFT,-1,0.6845
2025-12-03,ORCL,-1,0.9632
2025-12-03,TSLA,-1,0.5417
2025-12-04,AAPL,1,0.6884
2025-12-04,AMZN,1,0.6069
2025-12-04,GOOGL,1,0.8777
2025-12-04,IBM,1,0.6443
2025-12-04,MSFT,-1,0.6916
2025-12-04,ORCL,-1,0.9481
2025-12-04,TSLA,-1,0.5432
2025-12-05,AAPL,1,0.6901
2025-12-05,AMZN,1,0.5878
2025-12-05,GOOGL,1,0.8779
2025-12-05,IBM,1,0.6322
2025-12-05,MSFT,-1,0.693
2025-12-05,ORCL,-1,0.9397
2025-12-05,TSLA,-1,0.5438
2025-12-08,AAPL,1,0.6914
2025-12-08,AMZN,1,0.5674
2025-12-08,GOOGL,1,0.8927
2025-12-08,IBM,1,0.6265
2025-12-08,MSFT,-1,0.6882
2025-12-08,ORCL,-1,0.9303
2025-12-08,TSLA,-1,0.5434
2025-12-09,AAPL,1,0.6904
2025-12-09,AMZN,1,0.5431
2025-12-09,GOOGL,1,0.887
2025-12-09,IBM,1,0.616
2025-12-09,MSFT,-1,0.6904
2025-12-09,ORCL,-1,0.9257
2025-12-09,TSLA,-1,0.543
2025-12-10,AAPL,1,0.6829
2025-12-10,AMZN,1,0.5194
2025-12-10,GOOGL,1,0.882
2025-12-10,IBM,1,0.6034
2025-12-10,MSFT,-1,0.7039
2025-12-10,ORCL,-1,0.9174
2025-12-10,TSLA,-1,0.5408
2025-12-11,AAPL,1,0.6787
2025-12-11,AMZN,1,0.5011
2025-12-11,GOOGL,1,0.8906
2025-12-11,IBM,1,0.5916
2025-12-11,MSFT,-1,0.7093
2025-12-11,ORCL,-1,0.9634
2025-12-11,TSLA,-1,0.5373
2025-12-12,AAPL,1,0.6753
2025-12-12,AMZN,-1,0.5126
2025-12-12,GOOGL,1,0.8986
2025-12-12,IBM,1,0.5875
2025-12-12,MSFT,-1,0.717
2025-12-12,ORCL,-1,0.9775
2025-12-12,TSLA,-1,0.5278
2025-12-15,AAPL,1,0.6729
2025-12-15,AMZN,-1,0.5272
2025-12-15,GOOGL,1,0.905
2025-12-15,IBM,1,0.5827
2025-12-15,MSFT,-1,0.7294
2025-12-15,ORCL,-1,0.989
2025-12-15,TSLA,-1,0.5177
2025-12-16,AAPL,1,0.6725
2025-12-16,AMZN,-1,0.539
2025-12-16,GOOGL,1,0.9066
2025-12-16,IBM,1,0.5841
2025-12-16,MSFT,-1,0.7344
2025-12-16,ORCL,-1,0.973
2025-12-16,TSLA,-1,0.5061
2025-12-17,AAPL,1,0.6723
2025-12-17,AMZN,-1,0.5404
2025-12-17,GOOGL,1,0.914
2025-12-17,IBM,1,0.5919
2025-12-17,MSFT,-1,0.7333
2025-12-17,ORCL,-1,1.0
2025-12-17,TSLA,1,0.5029
2025-12-18,AAPL,1,0.6699
2025-12-18,AMZN,-1,0.5357
2025-12-18,GOOGL,1,0.8961
2025-12-18,IBM,1,0.5989
2025-12-18,MSFT,-1,0.7215
2025-12-18,ORCL,-1,0.9972
2025-12-18,TSLA,1,0.5132
2025-12-19,AAPL,1,0.6684
2025-12-19,AMZN,-1,0.5247
2025-12-19,GOOGL,1,0.8838
2025-12-19,IBM,1,0.603
2025-12-19,MSFT,-1,0.7079
2025-12-19,ORCL,-1,0.9515
2025-12-19,TSLA,1,0.5248
2025-12-22,AAPL,1,0.6587
2025-12-22,AMZN,-1,0.5215
2025-12-22,GOOGL,1,0.8665
2025-12-22,IBM,1,0.5978
2025-12-22,MSFT,-1,0.6949
2025-12-22,ORCL,-1,0.9139
2025-12-22,TSLA,1,0.5358
2025-12-23,AAPL,1,0.6437
2025-12-23,AMZN,-1,0.5201
2025-12-23,GOOGL,1,0.8377
2025-12-23,IBM,1,0.5873
2025-12-23,MSFT,-1,0.6804
2025-12-23,ORCL,-1,0.8953
2025-12-23,TSLA,1,0.5441
2025-12-24,AAPL,1,0.6288
2025-12-24,AMZN,-1,0.5239
2025-12-24,GOOGL,1,0.8113
2025-12-24,IBM,1,0.5767
2025-12-24,MSFT,-1,0.6678
2025-12-24,ORCL,-1,0.8657
2025-12-24,TSLA,1,0.5515
2025-12-26,AAPL,1,0.6145
2025-12-26,AMZN,-1,0.5274
2025-12-26,GOOGL,1,0.789
2025-12-26,IBM,1,0.5692
2025-12-26,MSFT,-1,0.6608
2025-12-26,ORCL,-1,0.8431
2025-12-26,TSLA,1,0.5582
2025-12-29,AAPL,1,0.598
2025-12-29,AMZN,-1,0.5359
2025-12-29,GOOGL,1,0.7661
2025-12-29,IBM,1,0.5557
2025-12-29,MSFT,-1,0.6584
2025-12-29,ORCL,-1,0.8225
2025-12-29,TSLA,1,0.5632
2025-12-30,AAPL,1,0.5791
2025-12-30,AMZN,-1,0.5453
2025-12-30,GOOGL,1,0.7476
2025-12-30,IBM,1,0.5453
2025-12-30,MSFT,-1,0.652
2025-12-30,ORCL,-1,0.7985
2025-12-30,TSLA,1,0.5673
2025-12-31,AAPL,1,0.5603
2025-12-31,AMZN,-1,0.5553
2025-12-31,GOOGL,1,0.7298
2025-12-31,IBM,1,0.5361
2025-12-31,MSFT,-1,0.6493
2025-12-31,ORCL,-1,0.7854
2025-12-31,TSLA,1,0.5715
2026-01-02,AAPL,1,0.5432
2026-01-02,AMZN,-1,0.5645
2026-01-02,GOOGL,1,0.7063
2026-01-02,IBM,1,0.5225
2026-01-02,MSFT,-1,0.645
2026-01-02,ORCL,-1,0.7719
2026-01-02,TSLA,1,0.5722
2026-01-05,AAPL,1,0.5256
2026-01-05,AMZN,-1,0.5648
2026-01-05,GOOGL,1,0.686
2026-01-05,IBM,1,0.5073
2026-01-05,MSFT,-1,0.6386
2026-01-05,ORCL,-1,0.7698
2026-01-05,TSLA,1,0.5685
2026-01-06,AAPL,1,0.507
2026-01-06,AMZN,-1,0.5592
2026-01-06,GOOGL,1,0.6645
2026-01-06,IBM,-1,0.5044
2026-01-06,MSFT,-1,0.63
2026-01-06,ORCL,-1,0.7615
2026-01-06,TSLA,1,0.5685
2026-01-07,AAPL,-1,0.5112
2026-01-07,AMZN,-1,0.5514
2026-01-07,GOOGL,1,0.6488
2026-01-07,IBM,-1,0.5124
2026-01-07,MSFT,-1,0.6239
2026-01-07,ORCL,-1,0.7574
2026-01-07,TSLA,1,0.5674
2026-01-08,AAPL,-1,0.527
2026-01-08,AMZN,-1,0.5401
2026-01-08,GOOGL,1,0.6372
2026-01-08,IBM,-1,0.5159
2026-01-08,MSFT,-1,0.621
2026-01-08,ORCL,-1,0.7586
2026-01-08,TSLA,1,0.5662
2026-01-09,AAPL,-1,0.5441
2026-01-09,AMZN,-1,0.5318
2026-01-09,GOOGL,1,0.6247
2026-01-09,IBM,-1,0.5209
2026-01-09,MSFT,-1,0.6056
2026-01-09,ORCL,-1,0.741
2026-01-09,TSLA,1,0.5648
2026-01-12,AAPL,-1,0.5594
2026-01-12,AMZN,-1,0.5225
2026-01-12,GOOGL,1,0.621
2026-01-12,IBM,-1,0.5211
2026-01-12,MSFT,-1,0.5947
2026-01-12,ORCL,-1,0.7134
2026-01-12,TSLA,1,0.5655
2026-01-13,AAPL,-1,0.5736
2026-01-13,AMZN,-1,0.5144
2026-01-13,GOOGL,1,0.6228
2026-01-13,IBM,-1,0.5252
2026-01-13,MSFT,-1,0.5877
2026-01-13,ORCL,-1,0.6952
2026-01-13,TSLA,1,0.5631
2026-01-14,AAPL,-1,0.5849
2026-01-14,AMZN,1,0.5025
2026-01-14,GOOGL,1,0.6267
2026-01-14,IBM,-1,0.5256
2026-01-14,MSFT,-1,0.5851
2026-01-14,ORCL,-1,0.681
2026-01-14,TSLA,1,0.5588
2026-01-15,AAPL,-1,0.5989
2026-01-15,AMZN,1,0.5246
2026-01-15,GOOGL,1,0.6323
2026-01-15,IBM,-1,0.5294
2026-01-15,MSFT,-1,0.5831
2026-01-15,ORCL,-1,0.6662
2026-01-15,TSLA,1,0.5515
2026-01-16,AAPL,-1,0.6118
2026-01-16,AMZN,1,0.5465
2026-01-16,GOOGL,1,0.6419
2026-01-16,IBM,-1,0.5288
2026-01-16,MSFT,-1,0.5794
2026-01-16,ORCL,-1,0.6424
2026-01-16,TSLA,1,0.5466
2026-01-20,AAPL,-1,0.6345
2026-01-20,AMZN,1,0.5605
2026-01-20,GOOGL,1,0.6486
2026-01-20,IBM,-1,0.5335
2026-01-20,MSFT,-1,0.5858
2026-01-20,ORCL,-1,0.6321
2026-01-20,TSLA,1,0.5394
2026-01-21,AAPL,-1,0.6538
2026-01-21,AMZN,1,0.5693
2026-01-21,GOOGL,1,0.6483
2026-01-21,IBM,-1,0.5312
2026-01-21,MSFT,-1,0.6013
2026-01-21,ORCL,-1,0.6296
2026-01-21,TSLA,1,0.5299
2026-01-22,AAPL,-1,0.6702
2026-01-22,AMZN,1,0.5786
2026-01-22,GOOGL,1,0.6473
2026-01-22,IBM,-1,0.5352
2026-01-22,MSFT,-1,0.6097
2026-01-22,ORCL,-1,0.6234
2026-01-22,TSLA,1,0.5201
2026-01-23,AAPL,-1,0.6885
2026-01-23,AMZN,1,0.5878
2026-01-23,GOOGL,1,0.6473
2026-01-23,IBM,-1,0.5397
2026-01-23,MSFT,-1,0.6095
2026-01-23,ORCL,-1,0.619
2026-01-23,TSLA,1,0.5131
2026-01-26,AAPL,-1,0.6947
2026-01-26,AMZN,1,0.5984
2026-01-26,GOOGL,1,0.6466
2026-01-26,IBM,-1,0.5404
2026-01-26,MSFT,-1,0.6101
2026-01-26,ORCL,-1,0.611
2026-01-26,TSLA,1,0.5044
2026-01-27,AAPL,-1,0.7025
2026-01-27,AMZN,1,0.6076
2026-01-27,GOOGL,1,0.6473
2026-01-27,IBM,-1,0.5432
2026-01-27,MSFT,-1,0.605
2026-01-27,ORCL,-1,0.6172
2026-01-27,TSLA,-1,0.504
2026-01-28,AAPL,-1,0.7158
2026-01-28,AMZN,1,0.617
2026-01-28,GOOGL,1,0.6462
2026-01-28,IBM,-1,0.5498
2026-01-28,MSFT,-1,0.6031
2026-01-28,ORCL,-1,0.6217
2026-01-28,TSLA,-1,0.5116
2026-01-29,AAPL,-1,0.7243
2026-01-29,AMZN,1,0.6239
2026-01-29,GOOGL,1,0.645
2026-01-29,IBM,-1,0.5424
2026-01-29,MSFT,-1,0.6301
2026-01-29,ORCL,-1,0.629
2026-01-29,TSLA,-1,0.5204
2026-01-30,AAPL,-1,0.7334
2026-01-30,AMZN,1,0.6311
2026-01-30,GOOGL,1,0.6476
2026-01-30,IBM,-1,0.5369
2026-01-30,MSFT,-1,0.6462
2026-01-30,ORCL,-1,0.6384
2026-01-30,TSLA,-1,0.5251
2026-02-02,AAPL,-1,0.7264
2026-02-02,AMZN,1,0.6373
2026-02-02,GOOGL,1,0.6483
2026-02-02,IBM,-1,0.5247
2026-02-02,MSFT,-1,0.6632
2026-02-02,ORCL,-1,0.6508
2026-02-02,TSLA,-1,0.5304
2026-02-03,AAPL,-1,0.7249
2026-02-03,AMZN,1,0.639
2026-02-03,GOOGL,1,0.6529
2026-02-03,IBM,-1,0.5291
2026-02-03,MSFT,-1,0.69
2026-02-03,ORCL,-1,0.6634
2026-02-03,TSLA,-1,0.5375
2026-02-04,AAPL,-1,0.7089
2026-02-04,AMZN,1,0.6276
2026-02-04,GOOGL,1,0.6568
2026-02-04,IBM,-1,0.5415
2026-02-04,MSFT,-1,0.7152
2026-02-04,ORCL,-1,0.6899
2026-02-04,TSLA,-1,0.5453
2026-02-05,AAPL,-1,0.6951
2026-02-05,AMZN,1,0.6124
2026-02-05,GOOGL,1,0.6553
2026-02-05,IBM,-1,0.5449
2026-02-05,MSFT,-1,0.7687
2026-02-05,ORCL,-1,0.7318
2026-02-05,TSLA,-1,0.5539
